tract,facility_name,industry_sector,number_facilities
48329010112,"NOVASTAR LP, IMPACT CHEMICAL TECHNOLOGIES INC",Chemicals,2
48161000900,SANDERSON FARMS OAKWOOD FEED MILL,Food,1
48201343600,"LA PORTE METHANOL PLANT, GREIF PACKAGING LLC, CLEAN HARBORS DEER PARK LLC, DEER PARK_TX (ROH), TOTAL PETROCHEMICALS & REFINING USA INC, SHELL CHEMICAL LP, LUBRIZOL CORP DEER PARK PLANT, INEOS POLYMERS, LA PORTE SYNGAS PLANT, TM DEER PARK SERVICES LP, DELTA DEER PARK, OXY VINYLS LP LA PORTE VCM PLANT, DEER PARK REFINING LP, GEMINI HDPE LLC - LA PORTE PLANT, THE LYCRA CO LA PORTE PLANT (PREVIOUSLY INVISTA SARL, VOPAK LOGISTICS SERVICES USA INC DEER PARK, OXY VINYLS LP DEER PARK-VCM PLANT, LUBRIZOL ADVANCED MATERIALS LAPORTE FACILITY, METTON AMERICA INC, GEO SPECIALTY CHEMICALS, OXY VINYLS LP PASADENA PVC PLANT, KURARAY AMERICA INC, LYONDELLBASELL ACETYLS LLC, DUPONT LA PORTE PLANT, EVONIK OIL ADDITIVES USA INC, BRASKEM AMERICA INC-LAPORTE SITE, AMPAC FINE CHEMICALS TEXAS LLC, HEXION INC-DEER PARK SITE, SOLVAY CHEMICALS INC, OXY VINYLS LP DEER PARK CAUSTIC, NOLTEX LLC, GULBRANDSEN TECHNOLOGIES INC, GAS INNOVATIONS, INEOS POLYETHYLENE NA, INEOS OLIGOMERS USA LLC, LA PORTE_THE DOW CHEMICAL CO, FOREMARK PERFORMANCE CHEMICALS, VALVOLINE","Petroleum, Hazardous Waste, Chemical Wholesalers, Chemicals, Fabricated Metals, Petroleum Bulk Terminals",38
48183010500,"OMNI INDUSTRIAL SOLUTIONS INC, MULTI-CHEM GROUP LONGVIEW TX FACILITY, KEEPRITE REFRIGERATION INC FKA NATIONAL COIL CO","Chemicals, Machinery, Chemical Wholesalers",3
48073951000,LEO HICKS CREOSOTING CO INC,Wood Products,1
48439105001,"ITW REFRIGERATION NA, RIDLEY BLOCK OPERATIONS, LATTIMORE MATERIALS CORP - BLUE MOUND RM","Food, Machinery, Nonmetallic Mineral Product",3
48375015400,COASTAL CHEMICAL CO LLC,Chemical Wholesalers,1
48161000100,BIG BROWN STEAM ELECTRIC STATION & LIGNITE MINE,Electric Utilities,1
48375014300,"ASARCO LLC AMARILLO COPPER REFINERY, SOUTHWESTERN PUBLIC SERVICE CO HARRINGTON STATION","Electric Utilities, Primary Metals",2
48245011600,"AIR PRODUCTS LLC, US DOE BIG HILL SPR SITE, CHEVRON PHILLIPS CHEMICAL CO, VEOLIA ES TECHNICAL SOLUTIONS LLC PORT ARTHUR FACILITY, TXI PORT ARTHUR READY MIX, MOTIVA-PORT ARTHUR TERMINAL, PREMCOR REFINING GROUP INC PORT ARTHUR, OXBOW CALCINING LLC, KMTEX LLC","Petroleum, Hazardous Waste, Nonmetallic Mineral Product, Chemicals, Petroleum Bulk Terminals",9
48355006300,"CITGO REFINING & CHEMICALS CO LP-WEST PLANT, POTAC LLC, BUCKEYE TEXAS PROCESSING LLC-CORPUS CHRISTI, FLINT HILLS RESOURCES CORPUS CHRISTI LLC - WEST PLANT, VALERO REFINING-TEXAS LP CORPUS CHRISTI WEST PLANT, VALERO CORPUS CHRISTI ASPHALT TERMINAL, VALLEY SOLVENTS & CHEMICALS, AMERICAN CHROME & CHEMICALS INC, JOHN BLUDWORTH SHIPYARD LLC","Petroleum, Transportation Equipment, Chemical Wholesalers, Chemicals",9
48245011201,"JEFFERSON RAILPORT TERMINAL, MARTIN OPERATING PTNR-NECHES, EXXONMOBIL OIL BEAUMONT REFINERY (PART), MITSUBISHI CHEMICAL AMERICA INC, CHEMTREAT INC, LNVA-NORTH REGIONAL TREATMENT PLANT, THE DOW CHEMICAL CO - BEAUMONT ANILINE, EXXONMOBIL OIL CORP CHEMICAL PLANT (PART), OCI BEAUMONT LLC, CHEMTRADE REFINERY SERVICES INC, MARTIN OPERATING PTNR-STANOLIND","Petroleum, Petroleum Bulk Terminals, Chemicals",11
48435950300,"MULTI-CHEM GROUP SONORA TX FACILITY, JACAM MANUFACTURING 2013 LLC-JACAM SOUTHWEST SONORA, MULTI-CHEM GROUP LLC - SONORA WAREHOUSE","Chemicals, Chemical Wholesalers",3
48183010302,"TRINITY TANK CAR INC PLT  194, REXAM BEVERAGE CAN CO RE: LONGVIEW FACILITY, TRINITY TANK CAR INC PLT  200, TRINITY TANK CAR INC PLT  110, LEBUS MANUFACTURING","Transportation Equipment, Fabricated Metals",5
48203020604,"AMERICAN ELECTRIC POWER HW PIRKEY POWER PLANT, WESTLAKE LONGVIEW CORP, AIR LIQUIDE - LONGVIEW POX, EASTMAN CHEMICAL CO TEXAS OPERATIONS, STRATHMORE HOLDINGS LONGVIEW PLANT, STEMCO LP","Transportation Equipment, Chemicals, Electric Utilities",6
48201252500,"CHANNELVIEW PLANT, GB BIOSCIENCES LLC, K-SOLV CHEMICALS LLC, SOUTHWEST SHIPYARD LP, PRECOAT METALS DIV SEQUA CORP, TECHNIPFMC UMBILICALS INC, REICHHOLD LLC 2, MONUMENT CHEMICAL HOUSTON LLC, PETROMAX REFINING CO LLC, BRENNTAG SOUTHWEST INC, CHEMSTATION TEXAS GULF COAST, SOLAR TURBINES INC- TURBOFAB, EXCALIBAR MINERALS LLC, SOUTH ATLANTIC SERVICES INC, SASOL CHEMICALS (USA) LLC, TAPCOENPRO, DXI INDUSTRIES INC","Transportation Equipment, Chemical Wholesalers, Nonmetallic Mineral Product, Chemicals, Other, Fabricated Metals, Petroleum Bulk Terminals",17
48117950600,"GREEN PLAINS HEREFORD LLC, TEJAS INDUSTRIES, WHITE ENERGY HEREFORD LLC, WESTWAY FEED PRODUCTS LLC","Food, Chemicals",4
48201252000,STAUFFER PIPE SERVICES,Fabricated Metals,1
48215020503,"GE ENGINE SERVICES MCALLEN LP, GRAND RAPIDS FOAM - SOUTH TEXAS INC, AEF PLATING LLC, GE ENGINE SERVICES - MCALLEN LP (MAC 2)","Transportation Equipment, Plastics and Rubber, Fabricated Metals",4
48111950100,"HILMAR CHEESE CO DALHART, CARGILL SWEET BRAN FEED MANUFACTURING FACILITY -- DALHART, POOLE CHEMICAL CO INC","Food, Chemicals",3
48241950700,WESTROCK TEXAS LP,Paper,1
48113009900,"HENSLEY INDUSTRIES INC, AB FOUNDRY LLC, LATTIMORE MATERIALS CORP - DALLAS RM, LUXOTTICA OPTICAL MANUFACTURING NA DALLAS, REDI-MIX - NORTH DALLAS, TXI-SPANGLER CTM, CUSTOM CRETE - JOE FIELD, TXI-SPANGLER ROAD READY MIX","Nonmetallic Mineral Product, Primary Metals, Miscellaneous Manufacturing",8
48343950200,"TMS INTERNATIONAL LLC, LONE STAR TUBULAR OPERATIONS, LONE STAR SPECIALTIES LLC, SCOT INDUSTRIES","Fabricated Metals, Chemicals, Primary Metals, Other",4
48201343700,"NISSAN CHEMICAL AMERICA PASADENA PLANT, GRACE -PASADENA CATALYST SITE, NOURYON FUNCTIONAL CHEMICALS LLC, E R CARPENTER LP, THE GOODYEAR TIRE & RUBBER CO BAYPORT CHEMICAL PLANT, MULTI-CHEM GROUP LLC - BAYPORT FACILITY, HALDOR TOPSOE INC, TRECORA CHEMICAL INC, EURECAT US, EQUISTAR CHEMICALS BAYPORT CHEMICALS PLANT, CLARIANT CORP CLEAR LAKE PLANT, BAKER PETROLITE BAYPORT FACILI TY, SOUTHERN IONICS INC, ARKEMA INC CLEAR LAKE, ALBEMARLE CORP BAYPORT PLANT, DIXIE CHEMICAL CO INC, MFG CHEMICAL LLC - PASADENA, CENTAURI TECHNOLOGIES, KANEKA NORTH AMERICA LLC, KURARAY AMERICA BAYPORT, LUBRIZOL CORP BAYPORT FACILITY, CONTROL SOLUTIONS INC, BAYPORT_TX, ALTIVIA SPECIALTY CHEMICALS LLC, SOLVAY USA INC PASADENA TX PLANT, PEROXYCHEM LLC BAYPORT PLANT, KURARAY AMERICA-EVAL BU, BAYPORT POLYMERS LLC - HDPE PLANT, AIR LIQUIDE LARGE INDUSTRIES US LP - SMR UNIT, HARCROS CHEMICALS INC, CELANESE LTD CLEAR LAKE PLANT, KURARAY AMERICA INC SEPTON BU, A SCHULMAN, OXITENO USA LLC, DUPONT BAYPORT PLANT, AIR LIQUIDE LARGE INDUSTRIES US LP, LINDE GAS NORTH AMERICA LLC","Hazardous Waste, Chemicals, Plastics and Rubber, Chemical Wholesalers",37
48439104503,"HAYES & STOLZ INDUSTRIAL MANUFACTURING CO LLC, MOTION WATER SPORTS INC","Machinery, Miscellaneous Manufacturing",2
48039664100,INEOS USA LLC STRATTON RIDGE,Petroleum Bulk Terminals,1
48395960300,SANDERSON FARMS INC,Food,1
48255970200,"MAVERICK MAINTENANCE & SUPPLY LLC, LF MANUFACTURING INC - RIDDLEVILLE PLANT, RED EWALD LLC",Plastics and Rubber,3
48039664200,"GLADIEUX METALS RECYCLING LLC, BASF CORP - FREEPORT SITE, CHEMICAL SPECIALTIES INC, AIR LIQUIDE FREEPORT HPU PLANT, DOW CHEMICAL CO FREEPORT FACILITY, VENCOREX US INC, TXI - PORTABLE FREEPORT PTF, SI GROUP INC, SHIN-ETSU SILICONES OF AMERICA INC, CHAMPIONX-FREEPORT, SHINTECH INC, DSM NUTRITIONAL PRODUCTS, HUNTSMAN ETHYLENEAMINES PLANT, JV INDUSTRIAL FREEPORT, BRASKEM AMERICA INC OYSTER CREEK PLANT","Fabricated Metals, Chemicals, Nonmetallic Mineral Product, Primary Metals",15
48293970700,LIMESTONE ELECTRIC  GENERATING STATION,Electric Utilities,1
48201253400,"EXXONMOBIL REFINING & SUPPLY BAYTOWN REFINERY (PART), EXXONMOBIL CHEMICAL CO BAYTOWN OLEFINS PLANT (PART), MONUMENT CHEMICAL BAYTOWN LLC, SI GROUP BAYTOWN, GRANITE INLINER LLC - BAYTOWN, LCY ELASTOMERS LP","Petroleum, Chemicals",6
48201253100,CHEVRON PHILLIPS CHEMICAL CO LP,Chemicals,1
48139061600,"POLYNT COMPOSITES USA INC - ENNIS, ENNIS-FLINT SOUTH, ENNIS-FLINT NORTH, GS II INC, ELK CORP OF TEXAS, ENNIS READY MIX, GARDNER GIBSON ENNIS INC, ERGON ASPHALT & EMULSIONS INC - ENNIS, KORAL INDUSTRIES INC, TAMKO BUILDING PRODUCTS LLC","Petroleum, Textiles, Nonmetallic Mineral Product, Chemicals, Plastics and Rubber",10
48201233300,"BOLTEX MFG, GALENA PARK TERMINAL CHEVRON USA INC, AFGLOBAL CORP, GREENSPORT CRUDE BY RAIL, TARGA DOWNSTREAM LLC - GALENA PARK MARINE TERMINAL","Fabricated Metals, Petroleum Bulk Terminals",5
48439123400,THE DANNON CO INC,Food,1
48085030900,"WATSON & CHALIN MANUFACTURING INC, LATTIMORE MATERIALS CORP - MCKINNEY RM, ENCORE WIRE CORP, TXI-MCKINNEY READY MIX, MANNER POLYMERS INC","Transportation Equipment, Chemicals, Nonmetallic Mineral Product, Primary Metals",5
48201532001,INTERNATIONAL PAINT LLC,Chemicals,1
48183001400,"JOY GLOBAL LONGVIEW OPERATIONS LLC, NUCOR STEEL LONGVIEW LLC, NORRIS CYLINDER CO, FLINT HILLS RESOURCES LONGVIEW LLC","Fabricated Metals, Chemicals, Machinery, Primary Metals",4
48027021203,TTS DISTRIBUTION INC,Chemical Wholesalers,1
48201212400,"QUALITY ELECTRIC STEEL CASTINGS LP, HYDRIL CO, CMC STEEL FABRICATORS INCDBA CMC REBAR, PRINCE ENERGY LLC","Fabricated Metals, Chemicals, Primary Metals",4
48449950300,"PILGRIM&apos;S PRIDE CORP MT PLEASANT COMPLEX, BIG TEX TRAILER MANUFACTURING - MOUNT PLEASANT, ERGON ASPHALT & EMULSIONS INC - MT PLEASANT","Food, Transportation Equipment, Petroleum",3
48409010700,"OCCIDENTAL CHEMICAL CORP, VOESTALPINE TEXAS LLC, THE CHEMOURS CO","Chemicals, Primary Metals",3
48201252200,"VALLOUREC STAR LP, SEAH STEEL USA P2, UTLX MANUFACTURING LLC, VAM USA, NOV QUALITY TUBING & NOV TUBOSCOPE SHELDON NORTH","Fabricated Metals, Primary Metals",5
48113016903,"BRENNTAG SOUTHWEST INC LANC ASTER, AQUATIC CO, TXI-WILMER READY MIX","Chemical Wholesalers, Plastics and Rubber, Nonmetallic Mineral Product",3
48037011300,"EXPAL TEXARKANA, US ARMY RED RIVER ARMY DEPOT, US ARMY LONE STAR ARMY AMMUNITION PLANT, DAY & ZIMMERMANN LONE STAR LLC, REG NEW BOSTON LLC","Fabricated Metals, Chemicals, Other",5
48157671300,CEMEX CONSTRUCTION MATERIALS HOUSTON LLC - MISSOURI CITY,Nonmetallic Mineral Product,1
48245011304,"COLONIAL TANK FARM, BASF CORP - BEAUMONT, JV INDUSTRIAL BEAUMONT, CUST-O-FAB INC","Fabricated Metals, Petroleum Bulk Terminals, Chemicals",4
48501950100,CHAMPIONX-DENVER CITY,Chemical Wholesalers,1
48339694101,"HIXSON LUMBER SALES WILLIS TX, R&D MARBLE INC","Wood Products, Chemicals",2
48139061500,"SHERWIN-WILLIAMS CO, SCHIRM USA INC",Chemicals,2
48309001400,"GHOLSON READY MIX, PILGRIM&apos;S PRIDE CORP WACO PROCESSING PLANT, FLEETWOOD HOMES INC, CARGILL VALUE ADDED MEATS, CMC STEEL FABRICATORS INC DBA CMC STRUCTURAL","Food, Fabricated Metals, Wood Products, Nonmetallic Mineral Product",5
48167726200,"VALERO REFINING-TEXAS LP, BLANCHARD REFINING CO LLC, MARATHON PETROLEUM CO LP (PART), BP AMOCO CHEMICAL COMPANY, THE DALLAS GROUP OF AMERICA INC, UNION CARBIDE CORP TEXAS CITY PLANT, EASTMAN CHEMICAL TEXAS CITY INC, LINDE INC TEXAS CITY SMR","Petroleum, Chemicals, Electric Utilities",8
48227950100,"ALON USA-BIG SPRING REFINERY, BIG SPRING CARBON BLACK PLANT","Petroleum, Chemicals",2
48183010700,"MERRITT PREFERRED COMPONENTS, LONE STAR CASTING & MACHINE PARTNERS, SKEETER PRODUCTS INC, JOY GLOBAL SURFACE MINING INC","Fabricated Metals, Transportation Equipment, Primary Metals, Machinery",4
48201324100,"MOTIVA ENTERPRISES LLC PASADENA TERMINAL, ETHYL CORP, ALBEMARLE CORP PASADENA PLANT, EVONIK CORP - PASADENA PMD PLANT, PASADENA REFINING SYSTEM INC, MACDERMID, INEOS PHENOL, AFTON CHEMICAL CORP, SEKISUI SPECIALTY CHEMICALS AMERICA LLC - PASADENA PLANT, PCI NITROGEN LLC, PHILLIPS 66 PASADENA TERMINAL, PURITY ISOBUTYLENE PLANT, CHEVRON PHILLIPS CHEMICAL CO - PASADENA PLASTICS COMPLEX, BASF CORP PASADENA PLANT","Petroleum, Petroleum Bulk Terminals, Chemicals",14
48057000400,GULFMARK ENERGY INC,Petroleum Bulk Terminals,1
48201334100,"NOV COATING HOUSTON, EXXON MOBIL CORP SOUTH HOUSTON TERMINAL, BASF HOUSTON POLYURETHANE, ELLWOOD TEXAS FORGE, POLYNT COMPOSITES USA INC - HOUSTON, ALLCHEM SERVICES INC, HOLMES RD PLANT, KOCIDE LLC, INTERNATIONAL FOREST PRODUCTS LLC, CEMEX CONSTRUCTION MATERIALS HOUSTON LLC - HOLMES","Wood Products, Nonmetallic Mineral Product, Chemicals, Fabricated Metals, Petroleum Bulk Terminals",10
48347950900,"PILGRIM&apos;S PRIDE CORP NACOGDOCHES PROCESSING PLANT, TXI-NACOGDOCHES READY MIX, COOPER POWER SYSTEMS LLC, NORBORD TEXAS (NACOGDOCHES) INC, NIBCO INC NACOGDOCHES PLANT, TYSON FARMS INC-NACOGDOCHES TX FEED MILL","Food, Computers and Electronic Products, Wood Products, Nonmetallic Mineral Product, Fabricated Metals",6
48361020300,"SOLVAY SPECIALTY POLYMERS USA LLC, HONEYWELL INTERNATIONAL INC, INV NYLON CHEMICALS AMERICAS ORANGE SITE, PERFORMANCE MATERIALS NA INC, CHEVRON PHILLIPS CHEMICAL CO LP-ORANGE, ARLANXEO, CHEM32 LLC, CONRAD ORANGE SHIPYARD INC","Transportation Equipment, Chemicals",8
48113016803,BRASSCRAFT LANCASTER,Fabricated Metals,1
48355005900,"OQ CHEMICALS BISHOP LLC, TICONA POLYMERS INC",Chemicals,2
48039662700,"PHILLIPS 66 CO SWEENY REFINERY COMPLEX, PHILLIPS 66 CO FREEPORT I TERMINAL, CHEVRON PHILLIPS CHEMICAL CO LP SWEENY COMPLEX","Petroleum, Petroleum Bulk Terminals, Chemicals",3
48451001800,W&W-AFCO STEEL LLC,Fabricated Metals,1
48085030512,"REDI-MIX - FRISCO, FRISCO PLANT",Nonmetallic Mineral Product,2
48355006000,"US ECOLOGY TEXAS INC, BASF CORP","Hazardous Waste, Chemicals",2
48049951100,"3M CO - BROWNWOOD, CHEVRON PHILLIPS CHEMICAL CO PERFORMANCE PIPE DIV, SUPERIOR ESSEX INTERNATIONAL LP, KOHLER CO","Plastics and Rubber, Primary Metals",4
48439122100,"GMC TRUCK GROUP ARLINGTON ASSEMBLY PLANT, LANE SUPPLY INC","Transportation Equipment, Fabricated Metals",2
48233951000,"AGRIUM US INC, PHILLLIPS 66 CO BORGER REFINERY, ORION ENGINEERED CARBONS BORGER PLANT, BORGER CARBON BLACK PLANT, CHEVRON PHILLIPS CHEMICAL CO LP BORGER PLANT","Petroleum, Chemicals",5
48135003000,"PENATEK, CATALYST OILFIELD SERVICES LLC, CHAMPIONX-ODESSA PLANT, UNIVAR SOLUTIONS USA INC ODESSA, UNIVAR USA INC ODESSA PRONTO, GARDNER DENVER PERMIAN BASIN, ACE PRONTO YARD, REXTAC LLC","Chemicals, Chemical Wholesalers, Machinery, Primary Metals",8
48027020401,"CENTRIFUGAL CASTINGS, WILSONART LLC-ADHESIVE DIV, DELTA CENTRIFUGAL LLC, VIRON INTERNATIONAL CORP, MARS PETCARE US INC, ARTCO BELL CORP, ERGON ASPHALT & EMULSIONS INC - TEMPLE, PPG ARCHITECTURAL COATINGS LIQUID NAILS ADHESIVES, DON-NAN PUMP & SUPPLY","Food, Petroleum, Machinery, Primary Metals, Chemicals, Furniture, Fabricated Metals",9
48401950300,"SOLVAY USA INC (KILGORE), BAKER PETROLITE KILGORE BLEND PLANT, PERMIAN TANK & MANUFACTURING INC KILGORE PLANT","Fabricated Metals, Chemical Wholesalers",3
48219950200,"DIAMOND ETHANOL LLC, CHAMPIONX - LEVELLAND","Chemicals, Chemical Wholesalers",2
48161000600,LONG INDUSTRIES BUFFALO FACILITY,Fabricated Metals,1
48473680200,"OLDCASTLE PRECAST INC, BORAL ROOFING - KATY",Nonmetallic Mineral Product,2
48469000700,"MULTI-CHEM GROUP VICTORIA TX FACILITY, THOMAS PETROLEUM LLC VICTORIA, CATERPILLAR INC NORTH AMERICAN HYDRAULIC EXCAVATOR FACILITY","Chemical Wholesalers, Machinery, Petroleum Bulk Terminals",3
48201254500,EXXONMOBIL BAYTOWN CHEMICAL PLANT (PART),Chemicals,1
48167721900,"ISP TECHNOLOGIES INC, CAMPBELL RMC TEXAS CITY, MPM SILICONES LLC","Chemicals, Nonmetallic Mineral Product",3
48113020100,"SAFETY-KLEEN SYSTEMS IRVING (IRV), US PLATING LP, BESTOLIFE CORP, FRITO-LAY","Hazardous Waste, Fabricated Metals, Food, Petroleum",4
48057000500,"INEOS NITRILES USA LLC           GREEN LAKE PLANT, SEADRIFT COKE LP, UNION CARBIDE CORP SEADRIFT PLANT, BRASKEM AMERICA INC SEADRIFT PLANT","Petroleum, Chemicals",4
48201233703,"KINDER MORGAN CRUDE & CONDENSATE LLC, GREENSPORT INDUSTRIAL PARK, TEXMARK CHEMICALS INC, WORLD ENERGY BIOX BIOFUELS, SOPUS PRODUCTS","Petroleum, Petroleum Bulk Terminals, Chemicals",5
48201240400,"ENDURO COMPOSITES INC-HOUSTON CENTRAL GREEN FACILITY, BAKER HUGHES RANKIN RD CNT, HOBAS PIPE USA INC, TRELLEBORG OFFSHORE US  RANKIN ROAD FACILITY","Chemicals, Plastics and Rubber, Machinery",4
48061010800,"EMERSON AUTOMATION SOLUTIONS, PENN ALUMINUM, ASPHALT PRODUCTS INC","Petroleum, Fabricated Metals, Primary Metals",3
48339693800,CAMPBELL RMC CONROE,Nonmetallic Mineral Product,1
48339691700,"SIGMA LIFE SCIENCES, BAKER HUGHES - HUGHES CHRISTENSEN","Chemicals, Machinery",2
48085031656,LIBERTY MUTUAL PORTABLE PLANT,Nonmetallic Mineral Product,1
48167724000,"MARTIN OPERATING PTNR-GALVESTON, CEMEX CONSTRUCTION MATERIALS HOUSTON LLC - GALVESTON","Petroleum Bulk Terminals, Nonmetallic Mineral Product",2
48201980100,ALLIED AVIATION FUELING CO OF HOUSTON INC,Petroleum Bulk Terminals,1
48201310500,"VALLOUREC DRILLING PRODUCTS USA INC, ELECTRO-COATINGS OF TEXAS INC, BAKER HUGHES INC - NAVIGATION, HB FULLER CONSTRUCTION PRODUCTS INC, US ZINC - METAL, US ZINC- DUST, CEMEX CONSTRUCTION MATERIALS HOUSTON LLC - NAVIGATION","Machinery, Nonmetallic Mineral Product, Primary Metals, Chemicals, Fabricated Metals",7
48157672900,CINCO PLANT,Nonmetallic Mineral Product,1
48029171918,JOYSON SAFETY SYSTEMS,Transportation Equipment,1
48201222700,"EXXON MOBIL CORP NORTH HOUSTON TERMINAL, SERVICE WIRE -HOUSTON","Petroleum Bulk Terminals, Primary Metals",2
48331950800,"SANDOW 5 GENERATING PLANT & LIGNITE MINE, SANDOW STEAM ELECTRIC STATION",Electric Utilities,2
48479001711,"PLM STEEL PIPES & TUBES, MIDWEST STERILIZATION CORP","Primary Metals, Miscellaneous Manufacturing",2
48201540700,"GIRARD INDUSTRIES, DRIL-QUIP INC","Plastics and Rubber, Machinery",2
48157672001,CROWN BEVERAGE PACKAGING,Fabricated Metals,1
48201320500,"FLINT HILLS RESOURCES HOUSTON CHEMICAL LLC, TPC GROUP LLC, THE GOODYEAR TIRE & RUBBER CO",Chemicals,3
48453002208,"NXP USA INC - ED BLUESTEIN FACILITY, BAE SYSTEMS INFORMATION & ELECTRONIC SYSTEMS INTEGRATION IN",Computers and Electronic Products,2
48029130900,"FLINT HILLS RESOURCES CORPUS CHRISTI LLC SAN ANTONIO, MANTALINE CORP, BECKMANN ASPHALT PLANTS NO 4 & 5, REFRESCO BEVERAGES FORMERLY COTT BEVERAGES SAN ANTONIO TX, CUSTOM CRETE - CREEKVIEW","Petroleum, Beverages, Nonmetallic Mineral Product, Plastics and Rubber, Petroleum Bulk Terminals",5
48355005802,EQUISTAR CHEMICALS LP,Chemicals,1
48201540100,"UNIVAR USA INC HOUSTON FM 529, QUIETFLEX MANUFACTURING CO LP, FORTERRA PIPE & PRECAST - JERSEY VILLAGE, NOV RIG SYSTEMS RUBBER PLANT & CONTROLS BUILDING, SALZGITTER MANNESMANN STAINLESS TUBES USA, NATURAL GAS SOLUTIONS NA, DANIEL MEASUREMENT & CONTROL INC, PGI INTERNATIONAL, B&W METALS INC, TOSHIBA INTERNATIONAL CORP, INSTEEL WIRE PRODUCTS CO, HARRISON ELECTROPOLISHING, NOV RIG SYSTEMS WEST LITTLE YORK, UNITED GALVANIZING INC, CAMERON RIG SOLUTIONS INC, LARK HEAT TREATING INC, CUSTOM CRETE - BRITTMORE, EXTERRAN ENERGY SOLUTIONS LP - BRITTMOORE FACILITY","Computers and Electronic Products, Electrical Equipment, Chemical Wholesalers, Machinery, Nonmetallic Mineral Product, Primary Metals, Fabricated Metals",18
48329010114,"TETRACO LLC, CHAMPIONX-ODESSA EAST 528, SAFETY-KLEEN SYSTEMS MIDLAND (MID), BENCHMARK ENERGY PRODUCTS LLC, MULTI-CHEM GROUP MIDLAND TX FACILITY, OILFIELD SOLUTIONS INC, X-CHEM LLC, LATHAM POOL PRODUCTS INC D/B/A VIKING POOLS-TX","Hazardous Waste, Chemicals, Plastics and Rubber, Chemical Wholesalers",8
48021950100,"ACME BRICK CO-ELGIN PLANT, MERIDIAN BRICK - ELGIN PLANT",Nonmetallic Mineral Product,2
48309003602,SANDY CREEK ENERGY STATION,Electric Utilities,1
48071710200,"DELTA BAYTOWN, COVESTRO LLC, LANXESS CORP-BAYTOWN, DELTA CEDAR BLVD, BAYTOWN PLANT, JSW STEEL, DUNA USA INC, EL DORADO NITROGEN LLC, FLOMIN INC, HEXION INC - BAYTOWN PLANT, TRIFECTA TRADING, AIRGAS SPECIALTY PRODUCTS - BAYTOWN TX","Chemical Wholesalers, Nonmetallic Mineral Product, Primary Metals, Chemicals, Plastics and Rubber, Other",12
48113018506,"DAP PRODUCTS INC, HENRY CO, UNIVAR SOLUTIONS USA INC DALLAS, ATOMIZED PRODUCTS GROUP INC, MICRON INDUSTRIES LLC, PHILIPS LIGHTING CONTROLS DIV","Petroleum, Electrical Equipment, Chemical Wholesalers, Miscellaneous Manufacturing, Chemicals, Fabricated Metals",6
48355000600,"CITGO REFINING & CHEMICALS CO LP EAST PLANT, VALERO REFINING TEXAS LP CORPUS CHRISTI EAST PLANT, FLINT HILLS RESOURCES CORPUS CHRISTI LLC - EAST PLANT, TDC LLC-CORPUS CHRISTI PLANT","Petroleum, Chemicals",4
48491020302,"TXI-LEANDER READY MIX, CUSTOM CRETE - LEANDER",Nonmetallic Mineral Product,2
48085030304,"LATTIMORE MATERIALS CORP - PROSPER RM, PROSPER PLANT, REDI-MIX - PROSPER",Nonmetallic Mineral Product,3
48201521800,WATSON GRINDING & MANUFACTURING CO,Fabricated Metals,1
48201212500,"OWENS CORNING ROOFING & ASPHALT LLS HOUSTON, SOUTHWEST GALVANIZING INC, ANHEUSER-BUSCH LLC, BLENTECH CORP","Petroleum, Fabricated Metals, Beverages, Chemicals",4
48029141700,BLUE WING RM,Nonmetallic Mineral Product,1
48309003707,"HOWMET FASTENING SYSTEMS WACO, COCA-COLA NORTH AMERICA-WACO PLANT, CENTRAL TEXAS IRON WORKS, FORTERRA PIPE & PRECAST - WACO, CLAYTON WACO 1, WACO BOOM CO LTD, PACKLESS INDUSTRIES WACO FACILITY, CLAYTON WACO 2, WOODWAY READY MIX, MARATHONNORCO AEROSPACE INC, PACKAGING CORP OF AMERI CA, MARS WRGLEY CONFECTIONERY US LLC, JEWELL CONCRETE PRODUCTS, LEHIGH WHITE CEMENT CO / WACO PLANT","Food, Beverages, Wood Products, Electrical Equipment, Transportation Equipment, Nonmetallic Mineral Product, Fabricated Metals, Paper",14
48183010400,"NALCO COMPANY-KILGORE, WESTERN MARKETING-EAST TEXAS","Chemical Wholesalers, Petroleum Bulk Terminals",2
48113000406,JONES-BLAIR CO,Chemicals,1
48113010000,"WAL-MART OPTICAL LAB 9271, EMF CO INC, SPX TRANSFORMER SOLUTIONS, MARY KAY INC., TEXAS BIT LESTON ASPHLAT PLANT, US GYPSUM CO","Petroleum, Electrical Equipment, Miscellaneous Manufacturing, Chemicals, Fabricated Metals",6
48477170400,"VALMONT INDUSTRIES INC-, LONGWOOD ELASTOMERS INC, P I COMPONENTS, MIC GROUP LLC - BRENHAM WEST","Computers and Electronic Products, Fabricated Metals, Plastics and Rubber",4
48029121404,"RITTIMAN ROAD RETAIL SUPPORT CENTER, BERRIDGE MANUFACTURING CO, SAN ANTONIO FRITO LAY","Food, Fabricated Metals",3
48245011400,"GOODYEAR TIRE & RUBBER CO, TOTAL PETROCHEMICALS & REFINING USA INC-BEAUMONT PLANT, SUEZ WATER TECHNOLOGIES & SOLUTIONS INC - BEAUMONT, MOBIL CHEMICAL CO BEAUMONT POLYETHYLENE PLANT, AZZ GALVANIZING SERVICES-BEAUMONT, DRAGON WESPINE FACILITY","Fabricated Metals, Chemicals, Machinery",6
48453002313,SPANSION LLC,Computers and Electronic Products,1
48185180101,"ELLWOOD TEXAS FORGE NAVASOTA, TRINITY HEADS INC PLT  56, GRANT PRIDECO",Fabricated Metals,3
48201534100,"AZZ GALVANIZING SERVICES - HOUSTON WEST, QUALITY PRODUCT FINISHING INC, CB&I LLC",Fabricated Metals,3
48139060900,1I BRANCH - SPECIALTY SERVICES COMPLEX,Chemicals,1
48355003500,"STX BEEF CO LLC, BAKER HUGHES OILFIELD OPERATIONS LLC","Food, Nonmetallic Mineral Product",2
48403950200,GEORGIA-PACIFIC PINELAND COMPLEX,Wood Products,1
48201324200,"VALERO ENERGY PARTNERS LP, HOUSTON REFINING LP, VALERO REFINING - TEXAS LP HOUSTON REFINERY",Petroleum,3
48113013725,TEXAS FINISHING CO,Fabricated Metals,1
48439104900,REDI-MIX - WEST FORT WORTH,Nonmetallic Mineral Product,1
48303010700,"XYLEM INC, DAKOTA DISTRIBUTING","Chemical Wholesalers, Primary Metals",2
48439114103,"US BUREAU OF ENGRAVING & PRINTING WESTERN CURRENCY FACILIT, THERMACOR PROCESS INC","Fabricated Metals, Printing",2
48339693102,BALL METAL BEVERAGE CONTAINER CORP,Fabricated Metals,1
48201231700,"EASTEX FOREST PRODUCTS, MERCHANT METALS LLC","Fabricated Metals, Wood Products",2
48341950200,"DIAMOND SHAMROCK REFINING CO LP, CONTINENTAL CARBON CO SUNRAY, VALERO PARTNERS MCKEE, JBS SWIFT CACTUS, ETC TEXAS PIPELINE LTD SUNRAY GAS PLANT","Petroleum, Chemicals, Other, Leather",5
48201551300,KOONTZ-WAGNER CUSTOM CONTROLS,Electrical Equipment,1
48077030302,TRIANGLE BRICK-CLAY COUNTY TX,Nonmetallic Mineral Product,1
48277000700,POTTERS INDUSTRIES LLC,Nonmetallic Mineral Product,1
48491021403,"TEC/SOLOMON CORP ALLIANCE, AIRBORN INC","Computers and Electronic Products, Electrical Equipment",2
48355002900,US NAVY NAVAL AIR STATION CORPUS CHRISTI,Other,1
48251130407,"STANDARD PAINTS INC, DURA-TECH PROCESSES, WIKA INSTRUMENT LP, TRINITY FORGE INC","Computers and Electronic Products, Fabricated Metals, Chemicals",4
48497150603,A-GAS US INC,Chemicals,1
48251130100,OWEN OIL TOOLS LP,Chemicals,1
48039661700,"ASCEND PERFORMANCE MATERIALS-CHOCOLATE BAYOU PLANT, EQUISTAR CHEMICALS LP CHOCOLATE BAYOU POLYMERS PLANT",Chemicals,2
48113020700,"HALLIBURTON ENERGY SERVICES-CARROLLTON MFG & TECHNOLOGY, WMC INDUSTRIAL LLC, LEGACY VINYL WINDOWS","Plastics and Rubber, Machinery, Primary Metals",3
48013960100,"FRAC-CHEM - PLEASANTON, ERGON ASPHALT & EMULSIONS INC - PLEASANTON, INDEPENDENCE OILFIELD CHEMICALS LLC PLEASANTON TX","Petroleum, Chemicals",3
48187210901,"LONESTAR FIBERGLASS COMPONENTS, LLC",Plastics and Rubber,1
48041000202,"SAINT-GOBAIN NORPRO, TOYO INK AMERICA LLC, AXIS PIPE & TUBE LLC, KNIFE RIVER CORP-SOUTH BRYAN ASPHALT PLANT, TXI-BRYAN INDEPENDENCE READY MIX","Petroleum, Chemicals, Nonmetallic Mineral Product, Primary Metals",5
48113016100,"POLY-AMERICA LP, LOCKHEED MARTIN MISSILES & FIRE CONTROL","Transportation Equipment, Plastics and Rubber",2
48039660500,"SOLVCHEM INC - PEARLAND FACILITY, THIRD COAST TERMINALS PEARLAND, TEXAS HONING INC - PEARLAND, FORUM ENERGY TECHNOLOGIES (DAVIS-LYNCH LLC)","Fabricated Metals, Chemical Wholesalers, Machinery, Chemicals",4
48029152000,"AVANZAR INTERIOR TECHNOLOGIES, TOYOTA MOTOR MANUFACTURING TEX AS INC, ARVIN SANGO, TOYOTETSU TEXAS",Transportation Equipment,4
48139060702,"HOLCIM (US) INC, MARTECH, MIDLOTHIAN READY MIX","Plastics and Rubber, Nonmetallic Mineral Product",3
48039664400,"TXI - PORTABLE FREEPORT LQF, US DOE BRYAN MOUND SPR SITE, BASF CORP - HARBOR TERM INAL","Petroleum Bulk Terminals, Nonmetallic Mineral Product, Chemical Wholesalers",3
48423000600,"DELEK TYLER REFINERY, HILAND DAIRY FOODS DA","Petroleum, Food",2
48179950100,"W&W FIBERGLASS TANK CO, CABOT CORP PAMPA PLANT, CABOT CORP PAMPA DEVELOPMENT & MANUFACTURING CENTER, PROMAN USA (PAMPA) LLC, CRALL PRODUCTS, HUNTING TITAN-PAMPA","Fabricated Metals, Chemicals, Machinery",6
48469001700,"INV NYLON CHEMICALS AMERICAS VICTORIA SITE, DOW VICTORIA SITE, EQUISTAR CHEMICALS",Chemicals,3
48201321200,UNIVAR SOLUTIONS USA INC,Chemical Wholesalers,1
48139060212,"OWENS CORNING INSULATING SYSTEMS LLC - WAXAHACHIE, INTERNATIONAL EXTRUSION CORP TEXAS, US ALUMINUM CORP, JAMES HARDIE BUILDING PRODUCTS WAXAHACHIE, CMC STEEL FABRICATORS INC (DBA CMC REBAR)","Fabricated Metals, Nonmetallic Mineral Product, Primary Metals",5
48309001800,"KNIFE RIVER CORP - SOUTH WACO ASPHALT PLANT, FLINT HILLS RESOURCES CORPUS CHRISTI LLC WACO TERMINAL, ERGON ASPHALT & EMULSIONS INC - WACO, CLARKE PRODUCTS INC","Petroleum, Petroleum Bulk Terminals, Plastics and Rubber",4
48201540800,"ALLOY & STAINLESS FASTENERS, SPECIALIZED PIPE SERVICES INC, CELEROS FLOW TECHNOLOGY, CHEM ONE LTD, JERSEY VILLAGE PLANT, CAMPBELL RMC JERSEY VILLAGE, MASTER BUILDERS SOLUTIONS CONSTRUCTION SYSTEMS US LLC, PRAXAIR SURFACE TECHNOLOGIES INC, BRAY CONTROLS","Fabricated Metals, Chemical Wholesalers, Nonmetallic Mineral Product, Chemicals",9
48201311400,"ECO SERVICES OPERATIONS CORP, HUNTSMAN INTERNATIONAL LLC, SWS HOLDINGS-BRADY ISLAND LP, SWS HOLDINGS-PASADENA LP","Transportation Equipment, Chemicals",4
48501950200,MULTI-CHEM GROUP DENVER CITY TX FACILITY,Chemical Wholesalers,1
48439110807,"PLANT 3, REDI-MIX - KENNEDALE, TXI-LINKCREST READY MIX",Nonmetallic Mineral Product,3
48113013716,FUJIFILM ULTRA PURE SOLUTIONS INC,Chemicals,1
48439113001,"BELL PLANT 5, GEMINI COATINGS INC OF GRAND PRAIRIE, ABC COMPOUNDING CO OF TEXAS INC, TEXSTARS LLC PLANT 2, PRATT & WHITNEY SERVICES INC, SIEMENS INDUSTRY INC, PROFORM FINISHING PRODUCTS - DALLAS, CUSTOM BUILDING PRODUCTS","Electrical Equipment, Transportation Equipment, Nonmetallic Mineral Product, Chemicals, Plastics and Rubber",8
48055960101,FLINT HILLS RESOURCES CORPUS CHRISTI LLC MUSTANG RIDGE,Petroleum Bulk Terminals,1
48227950801,CHAMPIONX-BIG SPRING,Chemical Wholesalers,1
48147950402,VOLUNTARY PURCHASING GROUPS INC,Chemicals,1
48487950300,AMERICAN ELECTRIC POWER OKLAUNION PLANT,Electric Utilities,1
48497150200,POCO GRAPHITE,Electrical Equipment,1
48251130302,"SACHEM INC, TECHNICAL CHEMICAL CO, CLEBURNE READY MIX, SUPREME SOUTHWEST, DELEK RENEWABLES LLC, JAMES HARDIE BUILDING PRODUCTS CLEBURNE, BRAZOS ELECTRIC JOHNSON COUNTY GENERATION FACILITY, PERMABASE BUILDING PRODUCTS - CLEBURNE","Electric Utilities, Transportation Equipment, Chemicals, Nonmetallic Mineral Product",8
48201341600,"AMERICAN ACRYL LP, INEOS STYROLUTION AMERICA LLC, REG HOUSTON LLC, NIPPON SHOKUBAI AMERICA INDUSTRIES",Chemicals,4
48397040401,EKJ ENTERPRISES LP,Fabricated Metals,1
48113016703,MASTER BUILDERS SOLUTIONS CONSTRUCTION SYSTEMS US- LANCASTER,Chemicals,1
48121021738,VSPONE,Miscellaneous Manufacturing,1
48201532200,"FORGED PRODUCTS, MAASS RINGS & FORGE, CAMERON INTERNATIONAL CORP","Fabricated Metals, Machinery",3
48041000900,"MESA MARBLE & STONE CO INC  DBA MARBLE-CRAFT, TXI-BRYAN FOUNTAIN READY MIX, NEW ALENCO WINDOWS LTD","Fabricated Metals, Chemicals, Nonmetallic Mineral Product",3
48201252600,"LYONDELL CHEMICAL CO, SEAH STEEL USA","Fabricated Metals, Chemicals",2
48257050201,REDI-MIX - FORNEY,Nonmetallic Mineral Product,1
48039664501,"FREEPORT_OLIN BC, PHILLIPS 66 CO  JONES CREEK TERMINAL","Chemicals, Petroleum Bulk Terminals",2
48353950300,LUDLUM MEASUREMENTS INC,Computers and Electronic Products,1
48339693900,"NOV TEXAS OIL TOOLS/CTES CONROE, HEMPEL (USA) INC, NEW DAIRY TEXAS LLC, CST COVERS, NOV DOWNHOLE CONROE","Food, Fabricated Metals, Chemicals, Machinery",5
48395960100,"TWIN OAKS, OAK GROVE STEAM ELECTRIC STATION",Electric Utilities,2
48397040505,LATTIMORE MATERIALS CORP - ROCKWALL RM,Nonmetallic Mineral Product,1
48213951300,"MERIDIAN BRICK - ATHENS PLANT, DILLON MANUFACTURING","Transportation Equipment, Nonmetallic Mineral Product",2
48497150602,"CHAMPIONX-NEW FAIRVIEW, MULTI-CHEM GROUP NEW FAIRVIEW TX FACILITY",Chemical Wholesalers,2
48479001710,THOMAS PETROLEUM LLC LAREDO,Petroleum Bulk Terminals,1
48251130602,TEXAS LIME CO,Nonmetallic Mineral Product,1
48493000500,"LAZARUS REFINERY LLC, ICP INDUSTRIES LLC","Petroleum, Fabricated Metals",2
48015760200,"ACME BRICK CO-SAN FELIPE PLANT, MAASS FLANGE CORP- SEALY","Fabricated Metals, Nonmetallic Mineral Product",2
48053960600,"LHOIST NORTH AMERICA OF TEXAS, LTD  MARBLE FALLS PLANT",Nonmetallic Mineral Product,1
48181000901,DENISON INDUSTRIES,Primary Metals,1
48245006900,"MOTIVA-PORT ARTHUR REFINERY, MOTIVA CHEMICALS LLC, LINDE PORT ARTHUR HYDROGEN FACILITY 497, AFTON CHEMICAL ADDITIVES CORP","Petroleum, Chemicals",4
48231961100,L-3 COMMUNICATIONS INTERGRATED SYSTEMS,Transportation Equipment,1
48367140102,"WEATHERFORD AEROSPACE LLC, PROVIMI NA INC, POWER SERVICE PRODUCTS INC","Food, Transportation Equipment, Chemicals",3
48039661400,INEOS USA LLC - CHOCOLATE BAYOU PLANT,Chemicals,1
48439114003,"COMMERCIAL METAL FORMING, TRINITY TANK CAR INC PLT 192, UFP SAGINAW LLC, NORTHWEST PIPE CO, WESTERN MARKETING-DFW, CTI FOODS, ERGON ASPHALT & EMULSIONS INC - SAGINAW, FARRIS SAGINAW PLANT, ARDENT MILLS LLC","Food, Petroleum, Wood Products, Transportation Equipment, Nonmetallic Mineral Product, Primary Metals, Fabricated Metals, Petroleum Bulk Terminals",9
48181000902,REDI-MIX - SHERMAN,Nonmetallic Mineral Product,1
48201330700,AMACS PROCESS TOWER INTERNALS,Machinery,1
48201330800,"BRENNTAG SOUTHWEST INC HOUS TON, CAMPBELL RMC PEARLAND, SYNTECH CHEMICALS INC, COOPER CROUSE-HINDS LLC, THORPE PLANT SERVICES, DOVER PEARLAND OPERATIONS","Electrical Equipment, Chemical Wholesalers, Machinery, Nonmetallic Mineral Product, Chemicals",6
48113020300,MARTIN SPROCKET & GEAR INC,Primary Metals,1
48375014401,"TYSON FRESH MEATS INC, GRI TOWERS TEXAS, EXCEL MACHINERY LTD","Food, Fabricated Metals, Machinery",3
48057000300,"FORMOSA PLASTICS CORP TEXAS, PET COKE/COAL ENERGY GENERATING FACILITY","Chemicals, Electric Utilities",2
48453001765,"TXI-VOLENTE READY MIX, CENTEX MATERIALS - VOLENTE RMX",Nonmetallic Mineral Product,2
48201211500,"STANDARD MACHINE WORKS INC, TEXAS PMW LLC",Fabricated Metals,2
48485013100,"HOWMET CASTINGS & SERVICES INC, VITRO FLAT GLASS LLC WORKS 4","Nonmetallic Mineral Product, Primary Metals",2
48029980100,STANDARDAERO (SAN ANTONIO) INC,Transportation Equipment,1
48113018501,"ECOLAB INC, ONA POLYMERS LLC, A BRITE CO, ANDERSEN REGIONAL MANUFACTURING, CARROLL CLEAN, NEXEO SOLUTIONS LLC, IFS INDUSTRIES INC, INFRARED PRODUCTS-L-3","Computers and Electronic Products, Chemicals, Plastics and Rubber, Chemical Wholesalers",8
48073950300,CENTURY INDUSTRIAL COATINGS I NC,Chemicals,1
48135000300,BRENNTAG SOUTHWEST INC ODESSA,Chemical Wholesalers,1
48361022000,OPTIMUS STEEL LLC,Primary Metals,1
48113019038,RICHARDSON PLANT,Nonmetallic Mineral Product,1
48113019040,"TEXAS INSTRUMENTS INC, RAYTHEON CO, DRS NIS LLC, AIR LIQUIDE ELECTRONICS US LP","Computers and Electronic Products, Chemical Wholesalers",4
48201251800,"KMCO CROSBY PLANT, ARKEMA INC",Chemicals,2
48401950100,MARTIN LAKE STEAM ELECTRIC STATION & LIGNITE MINE,Electric Utilities,1
48363000700,"BUCKLEY OIL CO, SOUTHWIRE CO-MINERAL WELLS PLANT, POLYMER ADHESIVE SEALANT SYSTEMS INC","Chemical Wholesalers, Primary Metals, Chemicals",3
48441013404,"BRIDGESTONE BANDAG LLC ABILENE PLANT, TIGE BOATS INC, INGRAM CONCRETE - ABILENE 4","Transportation Equipment, Plastics and Rubber, Nonmetallic Mineral Product",3
48157674502,CAMPBELL RMC ARCOLA/ROSHARON,Nonmetallic Mineral Product,1
48201542600,"DYNA DRILL TECHNOLOGIES LLC, CAMPBELL RMC KATY","Machinery, Nonmetallic Mineral Product",2
48005001001,"GEORGIA-PACIFIC BUILDING PRODUCTS LLC, HEXION INC - DIBOLL SITE","Wood Products, Chemicals",2
48449950200,MONTICELLO STEAM ELECTRIC STATION & LIGNITE MINE,Electric Utilities,1
48201233701,"VALERO HOUSTON ASPHALT TERMINAL, USGYPSUM CO GALENA PARK, NOV RIG SYSTEMS GALENA PARK, AMERICAN PLANT FOOD CORP GALENA PARK","Petroleum, Chemicals, Paper, Machinery",4
48201240501,"PRECISION SPRAY & COATINGS LLC, GREENSPOINT PLANT","Fabricated Metals, Nonmetallic Mineral Product",2
48423001700,"NATIONAL CASEIN CO, REEF SERVICES, LLC, THOMAS PETROLEUM LLC TYLER","Chemicals, Petroleum Bulk Terminals",3
48201332700,"MYKAWA PLANT, S + S INDUSTRIES, SET ENVIRONMENTAL INC","Hazardous Waste, Fabricated Metals, Nonmetallic Mineral Product",3
48245006600,"TOTAL PETROCHEMICALS & REFINING USA INC-PORT ARTHUR REFI, BASF TOTAL PETROCHEMICALS LLC","Petroleum, Chemicals",2
48203020401,MARSHALL MINERALS INC,Food,1
48157675500,WA PARISH ELECTRIC GENERATING STATION,Electric Utilities,1
48361022300,LION ELASTOMERS ORANGE LLC,Chemicals,1
48245010902,"TPC GROUP, MOTIVA PORT NECHES TERMINAL","Chemicals, Petroleum Bulk Terminals",2
48439121903,ATLAS COPCO SECOROC LLC,Machinery,1
48085031317,"TOWER EXTRUSIONS LLC, CARLISLE COATINGS & WATERPROOFING INC, BEST CIRCUIT BOARDS DBA LONE STAR CIRCUITS","Computers and Electronic Products, Chemicals, Primary Metals",3
48091310403,NATIONWIDE TANK & PIPE LLC,Plastics and Rubber,1
48491020604,TECO-WESTINGHOUSE MOTOR CO,Electrical Equipment,1
48409010302,FLINT HILLS RESOURCES INGLESIDE LLC,Petroleum Bulk Terminals,1
48399950600,BUDDY&apos;S PLANT PLUS CORP,Chemicals,1
48417950300,EBAA IRON INC  JACK RABBIT DIV,Primary Metals,1
48439110808,ULTERRA DRILLING TECHNOLOGIES LP,Machinery,1
48451001704,LONG INDUSTRIES CARLSBAD FACILITY,Fabricated Metals,1
48021950501,"FEDERAL CORRECTIONAL INSTITUTION BASTROP, US ARMY NATIONAL GUARD CAMP SWIFT RANGES",Other,2
48449950400,AMERICAN ELECTRIC POWER WELSH PLANT,Electric Utilities,1
48201222800,"SCHLUMBERGER TECHNOLOGY CORP RESLINK, UNITED STRUCTURES OF AMERICA I NC, TIMKENSTEEL CORP, ROYAL BATHS MANUFACTURING CO","Fabricated Metals, Plastics and Rubber, Machinery",4
48457950200,AMERIFORGE CORP (DBA TEXAS METAL WORKS),Fabricated Metals,1
48005000400,"TEXAS METAL CASTING CO INC, PILGRIM&apos;S PRIDE CORP LUFKIN PROCESSING PLANT","Food, Primary Metals",2
48183010200,"ALPHA OMEGA RECYCLING INC, TEXAS DIE CASTING LLC, O & D MANUFACTURING INC","Hazardous Waste, Primary Metals",3
48303002500,"ALAMO DYNAMIC LLC DBA DYNAMIC FOODS, HYDRITE CHEMICAL CO, PYCO INDUSTRIES INC AVENUE A FACILITY, WESTERN MARKETING-LUBBOCK, 348 - LUBBOCK OILSEEDS","Food, Chemical Wholesalers, Petroleum Bulk Terminals",5
48473680300,"REFINERY SPECIALTIES HEMPSTEAD FACILITY, ALEGACY EQUIPMENT LLC","Chemicals, Machinery",2
48439100602,US NAVY NAVAL AIR STATION JOINT RESERVE BASE FORT WORTH,Other,1
48353950100,"GEORGIA-PACIFIC GYPSUM LLC, US GYPSUM, DPC INDUSTRIES INC","Chemical Wholesalers, Nonmetallic Mineral Product",3
48453001745,3M CO-AUSTIN RESEARCH BOULEVARD SITE,Computers and Electronic Products,1
48361021100,INTERNATIONAL PAPER ORANGE MILL,Paper,1
48201511002,GOODMAN MANUFACTURING CO LP-FURNACE,Machinery,1
48157672200,NALCO CO LLC,Chemicals,1
48121021747,PREMIER MANUFACTURING LP,Miscellaneous Manufacturing,1
48439113709,PAVESTONE,Nonmetallic Mineral Product,1
48113014602,"ITW POLYMERS SEALANTS NA, OWENS CORNING ROOFING & ASPHALT LLC IRVING","Petroleum, Chemicals",2
48339693000,HUNTSMAN PETROCHEMICAL LLC,Chemicals,1
48349970700,"BC MATERIALS CORSICANA FACILITY, CHAMPIONX CORSICANA FACILITY, OIL CITY IRON WORKS INC, PACTIV LLC, MORGAN TRUCK BODY LLC CORSICANA, GUARDIAN INDUSTRIES LLC-CORSICANA, CORSICANA READY MIX, FIRESTONE BUILDING PRODUCTS CORSICANA","Transportation Equipment, Nonmetallic Mineral Product, Primary Metals, Chemicals, Plastics and Rubber",8
48135002802,ATLAS OIL - ODESSA FACILITY,Petroleum Bulk Terminals,1
48201341400,"LYONDELL CHEMICAL CO BAYPORT FACILITY, MONUMENT CHEMICAL BAYPORT LLC, JX NIPPON CHEMICAL TEXAS INC, CHEMQUEST CHEMICALS LLC, BAYPORT PLANT","Chemicals, Nonmetallic Mineral Product",5
48135002801,THOMAS PETROLEUM LLC ODESSA,Petroleum Bulk Terminals,1
48245002200,NOV XL SYSTEMS BEAUMONT,Fabricated Metals,1
48141003501,"WESTERN EL PASO REFINERY, PHELPS DODGE COPPER PRODUCTS CO, VEOLIA - BORDERLAND SAR","Petroleum, Chemicals, Primary Metals",3
48245010800,"PHILLIPS 66 PIPELINE LLC-BEAUMONT TERMINAL, HUNTSMAN PETROCHEMICAL LLC PORT NECHES FACILITY, LION ELASTOMERS LLC, INEOS CALABRIAN CORP, AIR LIQUIDE LARGE INDUSTRIES US LP PORT NECHES","Petroleum Bulk Terminals, Chemicals",5
48485013502,NOV FIBER GLASS SYSTEMS-BURKBURNETT,Plastics and Rubber,1
48355006200,"KIEWIT OFFSHORE SERVICES LTD, HARBOR ISLAND TERMINAL","Transportation Equipment, Petroleum Bulk Terminals",2
48201541002,"WYMAN-GORDON FORGINGS LP, HOWCO METALS MANAGEMENT LLC",Fabricated Metals,2
48439101201,"ADVANCED CHEMICAL LOGISITCS, AMERICAN MAATCO CBP, ATCO RUBBER PRODUCTS INC","Chemical Wholesalers, Plastics and Rubber, Nonmetallic Mineral Product",3
48253020101,DELEK LOGISTICS OPERATING LLC,Petroleum Bulk Terminals,1
48113020200,OLDCASTLE LAWN & GARDN,Wood Products,1
48183000900,"BRENNTAG SOUTHWEST INC LONG VIEW, SOUTHWEST STEEL CASTING CO LLC, TXI-LONGVIEW WEST READY MIX","Chemical Wholesalers, Nonmetallic Mineral Product, Primary Metals",3
48177000200,"PURINA ANIMAL NUTRITION LLC - GONZALES, TYSON FARMS INC GONZALES FEED MILL",Food,2
48201556000,"GOODMAN MANUFACTURING CO LP, CEMEX CONSTRUCTION MATERIALS HOUSTON LLC - HOCKLEY","Machinery, Nonmetallic Mineral Product",2
48053960300,"SURE CAST INC, ENTEGRIS INC","Chemicals, Primary Metals",2
48321730501,"OQ CHEMICALS CORP BAY CITY PLANT, CELANESE LTD BAY CITY PLANT, CHEMICALS INC BAY CITY SITE, EQUISTAR CHEMICALS LP-MATAGORDA FACILITY",Chemicals,4
48247950400,"NALCO COMPANY-HEBBRONVILLE 0563, MULTI-CHEM GROUP HEBBRONVILLE TX FACILITY",Chemical Wholesalers,2
48213951000,ACME BRICK CO TEXAS CLAY,Nonmetallic Mineral Product,1
48157675800,HUDSON PRODUCTS CORP,Fabricated Metals,1
48289950200,NUCOR STEEL - JEWETT TEXAS DIV,Primary Metals,1
48395960500,HEARNE STEEL CO INC,Fabricated Metals,1
48201232500,"METALPLATE GALVANIZING LP, BEST BLOCK EAST HOUSTON PLANT","Fabricated Metals, Nonmetallic Mineral Product",2
48439105006,"MUSKET FT WORTH BULK PLANT, KPS GLOBAL, WR MEADOWS OF TEXAS, PARKER HANNIFIN CORP - PARFLEX DIV, LEGGETT & PLATT INC","Petroleum Bulk Terminals, Plastics and Rubber, Machinery, Chemicals",5
48339690201,SCAN PAC MANUFACTURING INC,Nonmetallic Mineral Product,1
48141001400,GLOBAL ALTERNATIVE FUELS LLC,Chemicals,1
48157670700,"NALCO FRESNO FACILITY, ENDURANCE COMPOSITES-PEARLAND","Chemicals, Plastics and Rubber",2
48439106509,"BELL PLANT 1, HURST PLANT, HURST BAGGING FACILITY","Transportation Equipment, Nonmetallic Mineral Product",3
48401950502,TRINITY ASPHALT INC-HENDERSON,Petroleum,1
48141010215,"SOUTHWIRE CO - EL PASO, SUMITOMO ELECTRIC WIRING SYSTEMS INC, INTERNATIONAL WIRE GROUP - CAMDEN WIRE FACILITY",Primary Metals,3
48251130410,"JOHNSON COUNTY PIPE INC, SABRE INDUSTRIES","Fabricated Metals, Nonmetallic Mineral Product",2
48439111404,HEXPOL COMPOUNDING TEXAS,Plastics and Rubber,1
48199030800,DRAGON PRODUCTS NORTH SILSBEE FACILITY,Machinery,1
48251130408,"LATTIMORE MATERIALS CORP - MANSFIELD RM, K-T GALVANIZING CO","Fabricated Metals, Nonmetallic Mineral Product",2
48473680500,PARISH INTERNATIONAL INC,Fabricated Metals,1
48201241300,"CAMPBELL RMC SPRING, CEMEX CONSTRUCTION MATERIALS HOUSTON LLC - SPRING",Nonmetallic Mineral Product,2
48201332600,H & M PLATING CO INC,Fabricated Metals,1
48113015800,"TEXAS AIRCRAFT MILLING INC, TPG PRESSURE - GRAND PRAIRIE, FORTERRA PIPE & PRECAST - GRAND PRAIRIE","Fabricated Metals, Nonmetallic Mineral Product",3
48071710100,"CHEMICALS INC, ENTERPRISE PRODUCTS OPERATING LLC, EAST STORAGE / SPLITTER III FACILITY, EXXONMOBIL MONT BELVIEU PLASTICS PLANT, MONT BELVIEU EAST PHT FACILITY, POL-TEX, MONT BELVIEU SOUTH RAIL TERMINAL","Petroleum, Chemicals, Plastics and Rubber, Other, Petroleum Bulk Terminals",7
48201232301,"AZZ GALVANIZING SERVICES-HOUSTON, TECHNIPFMC GREMP CAMPUS","Fabricated Metals, Machinery",2
48073950500,TEKNOR COLOR CO,Chemicals,1
48201521700,AIRGAS USA LLC,Chemical Wholesalers,1
48297950100,"VALERO THREE RIVERS REFINERY, MULTI-CHEM GROUP THREE RIVERS TX FACILITY, VALERO ENERGY PARTNERS THREE  RIVERS, FCI THREE RIVERS","Petroleum, Chemicals, Other",4
48329010113,"ENERGY INTERMEDIATES INC, CLARIANT CORP - MIDLAND SITE",Chemicals,2
48113020500,"BUILDING MATERIALS INVESTMENT CORP, THERMAL SOLUTIONS MANUFACTURING INC","Petroleum, Transportation Equipment",2
48343950300,ATLAS ROOFING CORP,Petroleum,1
48439980000,ALLIED AVIATION FUELING CO OF TEXAS,Petroleum Bulk Terminals,1
48139060213,"AIRGAS SPECIALTY PRODUCTS-WAXAHACHIE TX, WAXAHACHIE PLANT","Chemical Wholesalers, Nonmetallic Mineral Product",2
48067950100,GRAPHIC PACKAGING INTERNATIONAL LLC,Paper,1
48085031311,SAF-HOLLAND INC,Transportation Equipment,1
48423000100,REX-HIDE INDUSTRIES INC,Plastics and Rubber,1
48199031000,"SOUTH HAMPTON RESOURCES INC, CLEARSTREAM WASTEWATER SYSTEMS INC","Chemicals, Plastics and Rubber",2
48029131506,"AZZ GALVANIZING - SAN ANTONIO, THOMAS PETROLEUM LLC SAN ANTONIO, JOHNSON CONTROLS INC-SAN ANTONIO","Fabricated Metals, Petroleum Bulk Terminals, Machinery",3
48029191804,SPECHT RD RM,Nonmetallic Mineral Product,1
48039661900,"SCHLUMBERGER ROSHARON CAMPUS, ALLEGHENY PETROLEUM PRODUCTS CO","Petroleum, Chemicals",2
48181000302,"FLORESTONE LLC, HHI DENISON","Fabricated Metals, Plastics and Rubber",2
48473680100,"PFP INDUSTRIES LLC, CEMEX CONSTRUCTION MATERIALS HOUSTON LLC - KATY, KATY PLANT","Chemicals, Nonmetallic Mineral Product",3
48029192200,"THE SAN ANTONIO REFINERY LLC, MISSION SOLAR ENERGY, 900 GLOBAL","Petroleum, Computers and Electronic Products, Miscellaneous Manufacturing",3
48029141900,CALAVERAS POWER STATION,Electric Utilities,1
48113014002,"WESTERN EXTRUSIONS CORP, ELECTRO PLATE CIRCUITRY INC, STANLEY BLACK & DECKER, HIXSON LUMBER SALES OF CARROLLTON INC, OMEGA LABORATORIES","Computers and Electronic Products, Wood Products, Machinery, Primary Metals, Fabricated Metals",5
48381022002,"SAFETY-KLEEN SYSTEMS AMARILLO (AMA), CHS INC","Hazardous Waste, Petroleum",2
48485013401,US DOD USAF SHEPPARD AFB,Other,1
48365950300,LOUISIANA PACIFIC CORP CARTHAGE OSB PLANT,Wood Products,1
48085030701,STATLAB MEDICAL PRODUCTS (SLMP LLC),Chemicals,1
48027023202,US ARMY FORT HOOD RANGE FACILITY,Other,1
48149970200,LCRA FAYETTE POWER PROJECT,Electric Utilities,1
48141010221,VINTON STEEL LLC,Primary Metals,1
48459950300,DUOLINE TECHNOLOGIES INC,Machinery,1
48209010400,TXI-SAN MARCOS READY MIX,Nonmetallic Mineral Product,1
48113018104,DAL-TILE SUNNYVALE MFG,Nonmetallic Mineral Product,1
48135002200,"DCP GOLDSMITH PLANT, GCC PERMIAN LLC - ODESSA CEMENT PLANT, PERMIAN TANK & MANUFACTURING INC MAIN FACILITY","Fabricated Metals, Nonmetallic Mineral Product, Other",3
48099010400,GATESVILLE READY MIX,Nonmetallic Mineral Product,1
48201253900,CEMEX CONSTRUCTION MATERIALS HOUSTON LLC - BAYTOWN,Nonmetallic Mineral Product,1
48279950300,SOUTHWESTERN PUBLIC SERVICE CO TOLK STATION,Electric Utilities,1
48029121112,CAPITOL AGGREGATES INC,Nonmetallic Mineral Product,1
48157670101,NOURYON SURFACE CHEMISTRY LLC,Chemicals,1
48121020506,"UNITED COPPER INDUSTRIES LLC, SAFETY-KLEEN SYSTEMS DENTON RECYCLE CENTER","Hazardous Waste, Primary Metals",2
48201520400,MIRROR INDUSTRIES,Fabricated Metals,1
48029150600,SAN ANTONIO RETAIL SUPPORT CENTER,Food,1
48139060802,"TXI OPERATIONS LP, CHAPARRAL STEEL MIDLOTHIAN LP, BUCKLEY OIL MIDLOTHIAN","Chemical Wholesalers, Nonmetallic Mineral Product, Primary Metals",3
48441010500,INGRAM CONCRETE - ABILENE 1,Nonmetallic Mineral Product,1
48439106517,"SUNOCO EULESS TX TERMINAL, FLINT HILLS RESOURCES CORPUS CHRISTI LLC FORT WORTH TERMINAL, COMMSCOPE TECHNOLOGIES LLC, C-KOE METALS LP, TXI-EULESS READY MIX","Fabricated Metals, Petroleum Bulk Terminals, Nonmetallic Mineral Product, Primary Metals",5
48245011700,"WIRE MESH TEXAS LLC, CB&I-BEAUMONT, GULF COAST PINE STREET ASPHALT PLANT","Petroleum, Fabricated Metals, Primary Metals",3
48439111008,"AZZ GALVANIZING SERVICES-CROWLEY, AZTEC MANUFACTURING PTNR LTD TUBING PLANT",Fabricated Metals,2
48441013402,PETROSMITH EQUIPMENT LP,Fabricated Metals,1
48113014407,JVB ELECTRONICS INC (DBA MULTILAYER TECHNOLOGY),Computers and Electronic Products,1
48401950700,"MERIDIAN BRICK - HENDERSON PLANT, FIBERGLASS SPECIALTIES INC, COLD VAULT, HENDERSON LUMBER MILL, MANSFIELD PLUMBING PRODUCTS LLC","Wood Products, Plastics and Rubber, Machinery, Nonmetallic Mineral Product",5
48113018133,"GLECO PLATING INC, TXI-ROWLETT READY MIX, SPECIALTY PRODUCTS INC","Fabricated Metals, Plastics and Rubber, Nonmetallic Mineral Product",3
48201310400,GCP APPLIED TECHNOLOGIES INC,Chemicals,1
48439113909,SOUTHLAKE MCR PLANT,Nonmetallic Mineral Product,1
48453002312,PALM HARBOR HOMES INC,Wood Products,1
48497150101,IMPERIAL GROUP-DECATUR,Transportation Equipment,1
48485012900,TRC RECREATION LP,Plastics and Rubber,1
48141010101,"GCC SUN CITY MATERIALS LLC - PLANEPORT, US ARMY 1ST ARMORED DIV & FORT BLISS RANGES","Nonmetallic Mineral Product, Other",2
48175960100,COLETO CREEK POWER STATION,Electric Utilities,1
48201550700,"CEMEX CONSTRUCTION MATERIALS HOUSTON LLC - CUTTEN, NOV RIG TECHNOLOGIES BAMMEL","Machinery, Nonmetallic Mineral Product",2
48453001786,FLEXTRONICS AMERICA LLC,Computers and Electronic Products,1
48307950300,HEXION INC,Chemicals,1
48453002207,"TXI-GREEN READY MIX, ASPHALT INC HAROLD GREEN","Petroleum, Nonmetallic Mineral Product",2
48203020104,"POLYNT COMPOSITES USA INC - MARSHALL, GENERAL CABLE INDUSTRIES INC","Chemicals, Electrical Equipment",2
48163950300,"MULTI-CHEM GROUP DILLEY TX FACILITY, CHAMPIONX-DILLEY 0540",Chemical Wholesalers,2
48439111407,OIL STATES INDUSTRIES INC,Machinery,1
48145000400,SHRIEVE CHEMICAL SERVICES,Chemicals,1
48061012700,KEPPEL AMFELS INC,Transportation Equipment,1
48303000201,"ERGON ASPHALT & EMULSIONS INC- LUBBOCK, X-FAB TEXAS INC, INGRAM CONCRETE - LUBBOCK NORTH","Petroleum, Computers and Electronic Products, Nonmetallic Mineral Product",3
48201320800,HOUSTON PLATING & COATINGS LLC,Fabricated Metals,1
48085032009,FUJITSU NETWORK COMMUNICATIONS INC,Computers and Electronic Products,1
48203020301,REPUBLIC NATIONAL INDUSTRIES OF TEXAS LP,Furniture,1
48013960600,SAN MIGUEL ELECTRIC COOPERATIVE INC,Electric Utilities,1
48113009000,MASTER-HALCO,Fabricated Metals,1
48203020603,TRINITY TANK CAR INC PLT  19,Transportation Equipment,1
48309003900,"SPACE EXPLORATION TECHNOLOGIES, PURINA ANIMAL NUTRITION LLC - MCGREGOR, TRANE-WACO","Food, Transportation Equipment, Machinery",3
48135002300,CONTINENTAL PRODUCTS OF TEXAS,Chemical Wholesalers,1
48201333700,"LGC US ASSETS HOLDINGS LLC DBA LAMONS, UNIVAR USA INC HOUSTON","Fabricated Metals, Chemical Wholesalers",2
48485010100,UNITED ELECTRIC CO LP,Machinery,1
48027020702,WILSONART LLC TEMPLE NORTH,Plastics and Rubber,1
48373210302,OLDCASTLE LAWN & GARDEN,Wood Products,1
48491020201,RTI HOT MIX FLORENCE QUARRY ASPHALT PLANT,Petroleum,1
48201521600,"HOUSTON RETAIL SUPPORT CENTER, MADDEN GALVANIZING LLC, AXALTA COATING SYSTEMS USA LLC, VALLOUREC TUBE-ALLOY LLC","Food, Fabricated Metals, Chemicals",4
48291701000,"GLOBAL TUBING LLC COILED TUBING MANUFACTURING FACILITY IN DA, INDORAMA VENTURES OXIDES LLC, NALCO COMPANY-DAYTON, CAMPBELL RMC DAYTON","Chemicals, Chemical Wholesalers, Nonmetallic Mineral Product, Primary Metals",4
48201313900,"SCHLUMBERGER TECHNOLOGY CORP, KIK (HOUSTON) INC","Chemicals, Machinery",2
48201554801,"CAMPBELL RMC TOMBALL, DNOW - POWER SERVICES TOMBALL, ICP CONSTRUCTION (TOMBALL PLANT), THE MAIN YARD","Plastics and Rubber, Machinery, Nonmetallic Mineral Product",4
48161000400,ARCOSA LWS LLC STREETMAN TX,Other,1
48201250200,SUMMIT REFRIGERANTS,Chemicals,1
48201321401,MARTIN ASPHALT-SOUTH HOUSTON,Petroleum,1
48369950200,"CARGILL MEAT SOLUTIONS CORP, HI-PRO FEEDS FRIONA",Food,2
48029152202,LUBRIZOL CORP,Chemicals,1
48325000300,MARTIN ASPHALT - HONDO,Petroleum,1
48029121000,ALLIED AVIATION FUELING CO OF TEXAS INC,Petroleum Bulk Terminals,1
48201333300,POWELL ELECTRICAL SYSTEMS INC,Electrical Equipment,1
48113016520,"UNIVAR USA INC DALLAS DAN MORTON FACILITY, CUSTOM CRETE - CRYSTAL LAKE, JAM DISTRIBUTING, WHITEWAVE FOODS DALLAS, TNPC DALLAS FACILITY","Food, Chemical Wholesalers, Nonmetallic Mineral Product, Chemicals, Petroleum Bulk Terminals",5
48121020800,"PETERBILT MOTORS CO, TXI-DENTON READY MIX, VICTOR EQUIPMENT CO","Transportation Equipment, Machinery, Nonmetallic Mineral Product",3
48375014800,PLAINS DAIRY LLC,Food,1
48493000300,TEXALOY FOUNDRY CO INC,Primary Metals,1
48453001707,ERGON ASPHALT & EMULSIONS INC - AUSTIN,Petroleum,1
48363000600,MERIDIAN BRICK - MINERAL WELLS WEST PLANT,Nonmetallic Mineral Product,1
48029181726,ERGON ASPHALT & EMULSIONS INC - SAN ANTONIO,Petroleum,1
48477170300,"QUESTSPECIALTY CORP, BLUE BELL CREAMERIES LP","Food, Chemicals",2
48061010500,CMC STEEL FABRICATORS INC DBA CMC VALLEY STEEL,Fabricated Metals,1
48113007102,RAYTHEON CO LEMMON AVENUE,Fabricated Metals,1
48475950300,WESTERN MARKETING-MONAHANS,Petroleum Bulk Terminals,1
48165950300,THOMAS PETROLEUM LLC SEMINOLE,Petroleum Bulk Terminals,1
48453001908,NXP USA INC - OAK HILL FACILITY,Computers and Electronic Products,1
48091310801,"CENTRAL TEXAS IRON WORKS - SCHERTZ, VISIONWORKS LAB SERVICES INC","Fabricated Metals, Miscellaneous Manufacturing",2
48223950402,"TXI-SULPHUR SPRINGS READY MIX, EXTERIOR DOOR SULPHUR SPRINGS","Wood Products, Nonmetallic Mineral Product",2
48303010405,"FORTERRA CONCRETE OPERATIONS, ZACHRY TRANSFORMER SHOP LUBBOCK, TCI COATINGS INC","Fabricated Metals, Chemicals, Nonmetallic Mineral Product",3
48453000902,PURE CASTINGS CO,Primary Metals,1
48183001100,"GILLESPIE COATINGS INC, TXI-LONGVIEW EAST READY MIX","Chemicals, Nonmetallic Mineral Product",2
48439110704,SPM OIL & GAS INC - FORT WORTH MFG,Machinery,1
48201310200,DFA DAIRY BRANDS FLUID LLC DBA OAK FARMS,Food,1
48439113002,"TEXSTARS LLC PLANT 1, TULCO OILS INC, COAST SOUTHWEST INC, WOODY BUTTS INC, PRINTPACK INC, TRANSNORM SYSTEM, BERRYMAN PRODUCTS INC, ENPLAST AMERICAS, SOUTHWIN/LTD, CCI INC","Chemical Wholesalers, Machinery, Primary Metals, Chemicals, Plastics and Rubber, Petroleum Bulk Terminals",10
48185180301,"GIBBONS CREEK STEAM ELECTRIC STATION, NOV ROLLIGON ANDERSON","Machinery, Electric Utilities",2
48277000102,"PJ TRAILERS MFG, LOAD TRAIL LLC",Machinery,2
48039662800,PHILLIPS 66 CO SAN BERNARD TER MINAL,Petroleum Bulk Terminals,1
48167721000,DICKINSON PLANT,Petroleum,1
48051970200,MULTI-CHEM GROUP CALDWELL FACILITY,Chemical Wholesalers,1
48231960600,ALADDIN MANUFACTURING CARPET CUSHION - COMMERCE TX,Plastics and Rubber,1
48051970500,KOPPERS INC (SOMERVILLE TX),Wood Products,1
48027021500,"BELTON READY MIX, AMERICAN SPINCAST INC, BELCO MANUFACTURING CO INC, ENGINEERED COMPOSITE SYSTEMS","Plastics and Rubber, Nonmetallic Mineral Product, Primary Metals",4
48113016513,DUNCANVILLE TX,Furniture,1
48257050500,"POWERLAB INC, OLDCASTLE BUILDING ENVELOPE - TEXAS FACILITY, CONECSUS LLC, FXI INC - TERRELL, VEKA SOUTH, HUNTER PANELS A DIV OF CARLISLE CONSTRUCTION MATERIALS, TERRELL PLANT","Chemicals, Plastics and Rubber, Nonmetallic Mineral Product, Primary Metals",7
48039663000,CHEVRON PHILLIPS CHEMICAL CO LP CLEMENS TERMINAL,Petroleum Bulk Terminals,1
48113004300,DOWNTOWN DALLAS PLANT,Nonmetallic Mineral Product,1
48439113631,US WATER SERVICES - GRAPEVINE,Chemicals,1
48251130800,JOHNS MANVILLE,Nonmetallic Mineral Product,1
48439113929,"CHARLEY&apos;&apos;S CONCRETE CO (KELLER), F&F COMPOSITE GROUP INC","Plastics and Rubber, Nonmetallic Mineral Product",2
48361020500,SUEZ WATER TECHNOLOGIES & SOLUTIONS INC  - ORANGE,Chemicals,1
48113018105,"ARROW FABRICATED TUBING, MICROPAC INDUSTRIES INC","Computers and Electronic Products, Fabricated Metals",2
48439111011,MEYER UTILITY STRUCTURES LLC PLANT NO 1611,Fabricated Metals,1
48037010902,TCI TEXARKANA INC,Primary Metals,1
48201340201,"ELLINGTON PLANT, CUSTOM BLAST SERVICES INC, CEMEX CONSTRUCTION MATERIALS HOUSTON LLC - ELLINGTON","Fabricated Metals, Nonmetallic Mineral Product",3
48453001842,SAMSUNG AUSTIN SEMICONDUCTOR,Computers and Electronic Products,1
48415950100,SOLVAY USA INC (SNYDER),Chemical Wholesalers,1
48339691900,"FLOWCRETE NA - SPRING, WELLDYNAMICS INC","Chemicals, Machinery",2
48201240702,"KING FABRICATION LLC, CLOCK SPRING","Fabricated Metals, Plastics and Rubber",2
48113014103,"MENTOR TEXAS OPERATIONS LP, CIRCUITRONICS, NUSIL TECHNOLOGY (TEXAS DIVISION)","Computers and Electronic Products, Chemicals, Miscellaneous Manufacturing",3
48091310802,"RTI HOT MIX GARDEN RIDGE HMP, CEMEX CONSTRUCTION MATERIALS SOUTH LLC - BALCONES PLANT, BAKER HUGHES GE-SCHERTZ FACILITY, LHOIST NORTH AMERICA - PLANT, ASPHALT INC GARDEN RIDGE, UFP SCHERTZ LLC, SCHERTZ READYMIX CONCRETE","Petroleum, Wood Products, Machinery, Nonmetallic Mineral Product",7
48113014204,"NCH CORP MOHAWK LABS DIV, EXXON MOBIL CORP IRVING TERMINAL","Chemicals, Petroleum Bulk Terminals",2
48029182105,HWY 211 RM,Nonmetallic Mineral Product,1
48035950700,LHOIST NORTH AMERICA OF TEXAS (PLANT OPERATIONS),Nonmetallic Mineral Product,1
48201534002,"PILOT INDUSTRIES OF TEXAS INC, BAKER HUGHES - NHR FACILITY, EXTERRAN ENERGY SOLUTIONS LP - NHR FACILITY","Chemicals, Machinery",3
48487950500,"TYSON REFRIGERATED PROCESSED MEATS INC, SOLVAY USA INC","Food, Chemicals",2
48113012100,"UNIVAR USA INC MESQUITE, FRITZ INDUSTRIES INC","Chemical Wholesalers, Chemicals",2
48113013722,CENTURY PRODUCTS INC,Chemicals,1
48361020700,WEBCO INDUSTRIES INC TX DIST DIV,Primary Metals,1
48499950800,"TXI-MINEOLA READY MIX, HIXSON LUMBER SALES OF TEXAS INC","Wood Products, Nonmetallic Mineral Product",2
48003950200,CHAMPIONX-ANDREWS,Chemical Wholesalers,1
48453002310,RAMIREZ LANE CONCRETE BATCH  PLANT,Nonmetallic Mineral Product,1
48089750300,UTEX INDUSTRIES INC,Miscellaneous Manufacturing,1
48209010303,COLLINS AEROSPACE SAN MARCOS,Transportation Equipment,1
48201211700,"NELCO, CUSTOM PIPE COATING INC, MAUSER CORP, W R GRACE & CO CONN, LONE STAR HEAT TREATING CORP, JAMESTOWN NA LLC","Fabricated Metals, Chemical Wholesalers, Primary Metals",6
48113017602,SENOX CORP,Fabricated Metals,1
48281950400,CUSTOM MOLDED PRODUCTS,Machinery,1
48029141800,"VP RACING FUELS INC, ARCONIC INC SAN ANTONIO WORKS","Petroleum, Primary Metals",2
48339692200,"LAMBERTI USA CONROE PLANT 8910, LAMBERTI USA CONROE PLANT 8920",Chemicals,2
48453002432,RTI HOT MIX MUSTANG RIDGE ASPHALT PLANT,Petroleum,1
48141010207,DAL-TILE EL PASO MANUFACTURING,Nonmetallic Mineral Product,1
48037011502,NEW BOSTON LUMBER MILL,Wood Products,1
48373210500,CAMDEN PLYWOOD & LUMBER,Wood Products,1
48201232200,"SCHUFF STEEL GULF COAST, FORGED COMPONENTS INC",Fabricated Metals,2
48245006100,DERRICK OIL & SUPPLY CO INC,Petroleum Bulk Terminals,1
48187210504,"STRUCTURAL METALS INC, GEORGIA-PACIFIC GYPSUM LLC-MCQUEENEY, XERXES CORP, VITESCO TECHNOLOGIES USA LLC, CARGILL FEED & NUTRITION SEGUIN, CAVCO INDUSTRIES INC SEGUIN","Food, Wood Products, Transportation Equipment, Nonmetallic Mineral Product, Primary Metals, Plastics and Rubber",6
48273020100,"US NATL PARK SERVICE PADRE ISLAND NATIONAL PARK (PAIS), U.S. NAVY NAVAL AIR STATION KINGSVILLE",Other,2
48093950300,HI PRO FEEDS COMANCHE,Food,1
48027023105,TRANSIT MIX KILLEEN PLANT PLANT #1151,Nonmetallic Mineral Product,1
48439121601,BODYCOTE THERMAL PROCESSING INC - ARLINGTON,Fabricated Metals,1
48201332200,J A M DISTRIBUTING HOUSTON BULK PLANT,Petroleum Bulk Terminals,1
48231961300,"FSTI WATERLOO PLANT, CYTEC SOLVAY COMPOSITE MATERIALS, RHINO LININGS CORP","Chemicals, Chemical Wholesalers, Textiles",3
48355000700,"CITGO REFINING & CHEMICALS CO LP-DEEP SEA TERMINAL, JAVELINA CO","Petroleum Bulk Terminals, Chemicals",2
48367140602,RIM MANUFACTURING LLC,Plastics and Rubber,1
48375014900,VALLEY PROTEINS - AMARILLO FACILITY,Food,1
48139060803,QUALICO STEEL CO INC TEXAS DIV,Fabricated Metals,1
48121020115,LITTLE ELM,Nonmetallic Mineral Product,1
48381021702,UNITED FIBERGLASS INC,Plastics and Rubber,1
48245005100,STANDARD ALLOYS INC (PORT ARTHUR),Primary Metals,1
48367140502,"PARKER HANNIFIN, US ARMY NATIONAL GUARD FT WOLTERS RANGES","Machinery, Other",2
48397040200,WHITMORE MANUFACTURING CO,Petroleum,1
48241950300,TEXAS ELECTRIC COOPERATIVES INC,Wood Products,1
48181001400,EATON ELECTRICAL HOLDINGS LLC,Fabricated Metals,1
48113017704,BENJAMIN MOORE & CO-DALLAS,Chemicals,1
48027022200,KILLEEN MARBLE INC,Chemicals,1
48459950400,"HIXSON LUMBER CO LLC, ROBROY INDUSTRIES-TEXAS LLC","Wood Products, Electrical Equipment",2
48201250100,"CAMPBELL RMC HUMBLE, CEMEX CONSTRUCTION MATERIALS HOUSTON LLC-HUMBLE PLANT",Nonmetallic Mineral Product,2
48377950100,US CBP MARFA BORDER PATROL SM ARMS RANGE #TX13811,Other,1
48029161400,"US DOD USAF LACKLAND AFB RANGE, US DOD USAF LACKLAND AFB",Other,2
48381021703,OWENS-CORNING AMARILLO,Nonmetallic Mineral Product,1
48121020308,"CHARLEYS CONCRETE CO LTD, ALLIANCE PLANT, WABTEC MANUFACTURING SOLUTIONS LLC","Transportation Equipment, Nonmetallic Mineral Product",3
48439100900,VALTRIS SPECIALTY CHEMICALS,Chemicals,1
48309004103,PRECISE HARD CHROME LLC,Fabricated Metals,1
48221160209,"TRINKOTE INDUSTRAIL FINISHES INC, NALCO COMPANY-CRESSON, TRI-CHEM SPECIALTY LLC","Chemicals, Chemical Wholesalers",3
48309003706,CATERPILLAR WORK TOOLS,Machinery,1
48029171912,TOWERJAZZ TEXAS,Computers and Electronic Products,1
48323950204,MAVERICK ARMS INC,Fabricated Metals,1
48439111013,HARBISON-FISCHER MFG,Machinery,1
48361021000,ORION ENGINEERED CARBONS ORANGE PLANT,Chemicals,1
48231961400,"HIXSON LUMBER SALES INC, ZURN INDUSTRIES LLC DBA STAINLESSDRAINSCOM","Fabricated Metals, Wood Products",2
48491021507,"CERILLIANT CORP, ICU MEDICAL, INC  - ROUND ROCK SITE","Chemicals, Plastics and Rubber",2
48201341501,GEON PERFORMANCE SOLUTIONS,Chemicals,1
48493000202,PROMISED LAND DAIRY LLC,Food,1
48113018401,"MAPEI CORP, DAISY BRAND","Food, Chemicals",2
48291701200,LIBERTY FORGE INC,Fabricated Metals,1
48201222900,APPLETON GROUP LLC,Electrical Equipment,1
48423002007,"TRANE RESIDENTIAL TYLER, ALSTOM POWER","Fabricated Metals, Machinery",2
48225950500,AQUAPHARM PCHEM LLC,Chemicals,1
48201222502,INTERCOASTAL PAINT CO INC,Chemicals,1
48167721800,CLEAN HARBORS SAN LEON INC,Hazardous Waste,1
48097000400,"MOLDED FIBER GLASS COMPANIES/TEXAS, PPG INDUSTRIES INC TX, INDUSTRIAL MODELS INC, TEXAS TRAILER CORP, IFS COATINGS INC, BMCA GAINESVILLE LLC","Chemicals, Plastics and Rubber, Other",6
48085030203,"MELISSA PLANT, STEELFAB TEXAS, LATTIMORE MATERIALS CORP - MELISSA RM, CMC STEEL FABRICATORS (DBA CMC REBAR)","Fabricated Metals, Nonmetallic Mineral Product",4
48439100202,"CHEVRON FORT WORTH TERMINAL, TRINITY INDUSTRIES INC PLT 1016","Fabricated Metals, Petroleum Bulk Terminals",2
48157671800,"EMERSON AUTOMATION SOLUTIONS FINAL CONTROLS, CEMEX CONSTRUCTION MATERIALS HOUSTON LLC - STAFFORD","Fabricated Metals, Nonmetallic Mineral Product",2
48201252900,ZXP TECHNOLOGIES LLC,Chemicals,1
48029121803,PACKAGE DESIGN & MFG,Plastics and Rubber,1
48453002202,FLINT HILLS RESOURCES CORPUS CHRISTI LLC AUSTIN TERMINAL,Petroleum Bulk Terminals,1
48201233600,O&apos;NEAL STEEL INC,Fabricated Metals,1
48091310903,MARTIN MARIETTA INC - HUNTER CEMENT PLANT,Nonmetallic Mineral Product,1
48029161200,UNIVAR USA INC-VON ORMY,Chemical Wholesalers,1
48467950400,"BIG TEX TRAILER MANUFACTURING INC-WILLS POINT, TXI-WILLS POINT READY MIX","Transportation Equipment, Nonmetallic Mineral Product",2
48203020402,CABOT NORIT AMERICAS INC,Chemicals,1
48467950600,TXI-CANTON READY MIX,Nonmetallic Mineral Product,1
48113010500,"MOTIVA ENTERPRISES LLC DALLAS TERMINAL, CMC STEEL FABRICATORS INC DBA CMC REBAR, OVERWRAPS PACKAGING INC, ROCORE SOUTHWEST INC","Fabricated Metals, Petroleum Bulk Terminals, Transportation Equipment, Printing",4
48225950100,NUCOR VULCRAFT GROUP - GRAPELAND DIV,Fabricated Metals,1
48209010902,"TEXAS LEHIGH CEMENT CO LP, CENTEX MATERIALS - BUDA RMX, RTI HOT MIX SOUTH ASPHALT PLANT","Petroleum, Nonmetallic Mineral Product",3
48113014001,WELLMARK INTERNATIONAL (DBA CENTRAL LIFE SCIENCES),Chemicals,1
48439106518,STRUCTURAL TECHNOLOGIES LLC,Fabricated Metals,1
48441013100,BROADWIND TOWERS INC,Fabricated Metals,1
48113018801,"EPIROC DRILLING SOLUTIONS LLC, GENERAL DYNAMICS ORDNANCE & TACTICAL SYSTEMS GARLAND","Fabricated Metals, Machinery",2
48429950500,SOLVAY USA INC (BRECKENRIDGE),Chemical Wholesalers,1
48223950500,FLOWSERVE SULPHUR SPRINGS OPERATION,Fabricated Metals,1
48113003400,"LATTIMORE MATERIALS CORP - DALLAS DT RM, REDI-MIX - SOUTH DALLAS",Nonmetallic Mineral Product,2
48029121910,"ALAMO CEMENT CO, OCONNOR READY MIX PLANT 11",Nonmetallic Mineral Product,2
48141001203,REXCEL COATINGS CORP,Chemicals,1
48257050701,NUCOR BUILDING SYSTEMS-TEXAS,Fabricated Metals,1
48217960800,IKO SOUTHWEST,Petroleum,1
48241950400,LOUISIANA PACIFIC JASPER OSB,Wood Products,1
48201331602,"SOLENIS INDUSTRIAL WATER DIV, OIL STATES INDUSTRIES - HOUSTON","Chemicals, Machinery",2
48003950100,"PALMER OF TEXAS TANKS INC, WASTE CONTROL SPECIALISTS LLC, FULLERTON GAS PLANT","Hazardous Waste, Plastics and Rubber, Other",3
48005000600,GEORGIA-PACIFIC CHEMICALS LLC,Chemicals,1
48423001801,HARWOOD INDUSTRIES INC,Plastics and Rubber,1
48189950600,"PLAINVIEW BIOENERGY LLC, MARTIN OPERATING PTNR-PLAINVIEW",Chemicals,2
48201554802,"NOV RMES TOMBALL, WELL STIMULATION",Machinery,2
48201342800,SONGWON INTERNATIONAL AMERICAS INC - LA PORTE,Chemicals,1
48439101202,"PVI INDUSTRIES LLC, TXI-LAWNWOOD READY MIX","Fabricated Metals, Nonmetallic Mineral Product",2
48143950600,FIBERGRATE COMPOSITE STRUCTURES INC,Plastics and Rubber,1
48181001801,"TEXAS INSTRUMENTS, KAISER ALUMINUM FABRICATED PRODUCTS LLC","Computers and Electronic Products, Primary Metals",2
48293970200,CARRY-ON TRAILER CORP,Transportation Equipment,1
48231960500,HYDRO ALUMINUM,Primary Metals,1
48029131401,SAFETY-KLEEN SYSTEMS SAN ANTONIO (SAB),Hazardous Waste,1
48113013806,"SIKA CORP RMAX DALLAS, GARRATT-CALLAHAN CO FARMERS BRANCH, QORVO TEXAS","Computers and Electronic Products, Chemicals, Plastics and Rubber",3
48257051300,TXI-MABANK READY MIX,Nonmetallic Mineral Product,1
48439113628,POLYCOAT PRODUCTS LLC,Chemicals,1
48029182001,KCB CONSTRUCTION LLC DBA VENETIAN MARBLE & GRANITE,Nonmetallic Mineral Product,1
48245001700,EASTHAM FORGE INC,Fabricated Metals,1
48287000400,"CARGILL FEED & NUTRITION GIDDINGS, LF MANUFACTURING INC - MAI N PLANT, LF MANUFACTURING INC - QFR P PLANT","Food, Plastics and Rubber",3
48015760502,WESTERN INTERNATIONAL GAS & CYLINDERS INC,Chemicals,1
48201210900,BAKER HUGHES CO - JFK CAMPUS,Machinery,1
48367140601,"MERIDIAN BRICK - MINERAL WELLS EAST PLANT, ACME BRICK CO-BENNETT PLANT, GEODYNAMICS","Machinery, Nonmetallic Mineral Product",3
48157672002,FORUM ENERGY TECHNOLOGIES- VALVE SOLUTIONS PBV,Fabricated Metals,1
48113007201,PETRA CHEMICAL CO-DALLAS PLANT,Chemicals,1
48171950400,JAMES AVERY CRAFTSMAN INC/FREDERICKSBURG,Miscellaneous Manufacturing,1
48439113511,GTC TECHNOLOGY,Fabricated Metals,1
48439106202,REEDER DISTRIBUTORS INC,Petroleum Bulk Terminals,1
48005000700,"LUFKIN INDUSTRIES LLC, STELLA-JONES CORP","Wood Products, Machinery",2
48471790200,"GARDNER GLASS PRODUCTS INC, UFP NEW WAVERLY, LIQUID MINERALS GROUP NEW WAVERLY PLANT, TXI-HUNTSVILLE READY MIX, MATERIA INC","Wood Products, Nonmetallic Mineral Product, Chemicals",5
48121021632,WOOT SERVICES INC,Printing,1
48121021304,ACME BRICK CO-DENTON PLANT,Nonmetallic Mineral Product,1
48035950400,CLIFTON READY MIX,Nonmetallic Mineral Product,1
48289950100,BUFFALO READY MIX,Nonmetallic Mineral Product,1
48029130800,"BLUE LINE CORP, EXXON MOBIL CORP SAN ANTONIO TERMINAL","Chemicals, Petroleum Bulk Terminals",2
48201534203,BAKER HUGHES INC-EMMOTT ROAD,Machinery,1
48121021716,LATTIMORE MATERIALS CORP - LEWISVILLE RM,Nonmetallic Mineral Product,1
48067950700,WHEELING MACHINE PRODUCTS HUGHES SPRINGS,Fabricated Metals,1
48375012200,WESTERN MARKETING-AMARILLO,Petroleum Bulk Terminals,1
48439113811,REDI-MIX - FORT WORTH,Nonmetallic Mineral Product,1
48215024203,CEMEX CONSTRUCTION MATERIALS SOUTH LLC- MISSION,Nonmetallic Mineral Product,1
48255970300,ASHLAND SPECIALTY INGREDIENTS GP,Chemicals,1
48141010332,AIR SYSTEM COMPONENTS INC,Fabricated Metals,1
48453002403,"CUSTOM CRETE - TERRY O LANE, CENTEX MATERIALS - SOUTH PLANT RMX",Nonmetallic Mineral Product,2
48201223100,REAL ALLOY RECYCLING INC,Primary Metals,1
48201332100,HIXSON LUMBER SALES OF HOUSTON,Wood Products,1
48503950200,TOWER EXTRUSIONS LTD,Primary Metals,1
48201211600,MODERN WELDING CO OF TX INC,Fabricated Metals,1
48281950301,KEMPNER READY MIX,Nonmetallic Mineral Product,1
48001950600,"SANDERSON FARMS PALESTINE PROCESSING, TXI-PALESTINE READY MIX, BEST BLOCK PALESTINE PLANT","Food, Nonmetallic Mineral Product",3
48029182101,CAMP STANLEY,Other,1
48439111550,PROGRESSIVE INC,Transportation Equipment,1
48161000300,MULTI-CHEM GROUP FAIRFIELD TX FACILITY,Chemical Wholesalers,1
48397040402,LATTIMORE MATERIALS CORP - ROYSE CITY RMX,Nonmetallic Mineral Product,1
48453001851,"WAYNE FUELING SYSTEMS, CENTEX MATERIALS - ROUND ROCK RMX","Machinery, Nonmetallic Mineral Product",2
48453002209,"MANOR HOT MIX PLANT, ERGON ASPHALT & EMULSIONS INC - MANOR",Petroleum,2
48439106002,"FORT WORTH BREWERY, RTP CO","Beverages, Chemicals",2
48121021619,LEWISVILLE PLANT,Nonmetallic Mineral Product,1
48419950100,PILGRIM&apos;S PRIDE CORP NACOGDOCHES (TENAHA) FEED MILL,Food,1
48469001400,"NALCO COMPANY-VICTORIA, DIAMOND FIBERGLASS","Chemical Wholesalers, Plastics and Rubber",2
48491020108,STI INTERNATIONAL,Fabricated Metals,1
48381022001,COOPER CROUSE-HINDS AMARILLO TX,Primary Metals,1
48347950400,AMERICAN TIMBER & STEEL,Wood Products,1
48041000101,NALCO CO - BRYAN,Chemical Wholesalers,1
48481740100,LAMBERTI USA INC,Chemicals,1
48121021502,"FOAM SUPPLIES INC, METL-SPAN A DIV OF NCI GROUP INC, REDI-MIX - LEWISVILLE","Fabricated Metals, Chemicals, Nonmetallic Mineral Product",3
48201533801,FUTURE PIPE INDUSTRIES,Plastics and Rubber,1
48141010219,EAGLE FAMILY FOODS GROUP LLC,Food,1
48201232302,TENARIS COILED TUBES LLC,Primary Metals,1
48053960700,HIGHLAND LAKES QUALITY CASTING INC,Primary Metals,1
48347950700,PARKER HANNIFIN CORP,Miscellaneous Manufacturing,1
48113019039,"TXI-RICHARDSON READY MIX, CLEANPART SOUTH","Fabricated Metals, Nonmetallic Mineral Product",2
48073950400,WARMINSTER FIBERGLASS CO,Plastics and Rubber,1
48439111312,HONEYWELL ELECTRONIC CHEMICALS LLC,Chemicals,1
48245011302,FEDERAL CORRECTIONAL COMPLEX,Other,1
48461950100,MIDKIFF CRUDE INJECTION STATION,Petroleum Bulk Terminals,1
48201542700,"POWEROHM RESISTORS INC A DIV OF HUBBELL INDUSTRIAL CONTROLS, KATY BAGGING FACILITY","Computers and Electronic Products, Nonmetallic Mineral Product",2
48029121120,CLARIOS LLC SAN ANTONIO DC,Electrical Equipment,1
48089750500,GREAT SOUTHERN WOOD - COLUMBUS INC,Wood Products,1
48029160400,STANDARD AERO (SAN ANTONIO) INC,Transportation Equipment,1
48201520500,PPG ARCHITECTURAL COATINGS HOUSTON,Chemicals,1
48251130207,PDK LIQUID STONE PARTNERS LP,Nonmetallic Mineral Product,1
48061014300,TRICO PRODUCTS CORP,Transportation Equipment,1
48339692100,"HALLIBURTON DRILL BITS & SERVICES, TUF-CRETE PLANT, CAMPBELL RMC TAMINA","Machinery, Nonmetallic Mineral Product",3
48347950302,PILGRIM&apos;S PRIDE CORP NACOGDOCHES FEED MILL,Food,1
48381020800,POWER PIPE & TANK LLC,Plastics and Rubber,1
48113009803,"ROYAL CHEMICAL CO, FUTURE FOAM INC","Chemicals, Plastics and Rubber",2
48213950400,CHAMPION HOME BUILDERS INC,Wood Products,1
48257050206,"LATTIMORE MATERIALS CORP - FORNEY RM, SMURFIT KAPPA NA - FORNEY MILL","Paper, Nonmetallic Mineral Product",2
48187210200,TYSON FARMS INC - SEGUIN POULTRY PROCESSING PLANT,Food,1
48113980000,IRVING PLANT,Nonmetallic Mineral Product,1
48251130409,JET RESEARCH CENTER,Machinery,1
48419950400,TYSON FARMS INC-CENTER TX P ROCESSING,Food,1
48439123200,"FORT WORTH PLANT, PURINA ANIMAL NUTRITION LLC - FORT WORTH, CREST FOAM CORP","Food, Plastics and Rubber, Nonmetallic Mineral Product",3
48439113812,CORNING OPTICAL COMMUNICATIONS LLC,Computers and Electronic Products,1
48201541500,LATTIMORE MATERIALS CORP - BARKER RM,Nonmetallic Mineral Product,1
48201533701,TEXAS HONING INC - NORTH FACILITY,Fabricated Metals,1
48187210709,"AXEL ROYAL LLC, ARMORTEX (FORMERLY SAFEGUARD SECURITY SERVICES)","Petroleum, Textiles",2
48085031506,REACTION TECHNOLOGY EPI LLC,Computers and Electronic Products,1
48439111536,"A ZAHNER CO, POLYMER PRODUCTS INC","Fabricated Metals, Plastics and Rubber",2
48141000204,"SW FOAM, BOEING CO","Computers and Electronic Products, Plastics and Rubber",2
48029181713,NAPCO PRECAST LLC,Nonmetallic Mineral Product,1
48277000800,TXI-PARIS READY MIX,Nonmetallic Mineral Product,1
48215020903,SAFETY-KLEEN SYSTEMS MCALLEN (MCT),Hazardous Waste,1
48139061700,"POLYGUARD PRODUCTS, ENNIS EXTRUDED PRODUCTS CO","Petroleum, Plastics and Rubber",2
48321730202,TENARIS BAY CITY INC,Primary Metals,1
48453001766,SATELLITE INDUSTRIES,Chemicals,1
48187210707,MUNTERS,Machinery,1
48029150800,WARREN OIL CO LLC - SAN ANTONIO TX,Petroleum,1
48201534201,RJ GLOBAL WIKA,Computers and Electronic Products,1
48113017001,"ROCKWELL AMERICAN - SEAGOVILLE, GENERAL TECHNOLOGIES INC",Fabricated Metals,2
48439104804,"FIXTURE EXCHANGE CORP, STRUCTURAL & STEEL PRODUCTS MANUFACTURING LTD","Fabricated Metals, Furniture",2
48157675400,"FRITO-LAY,INC, ROSENBERG BLOCK PLANT, CAMPBELL RMC ROSENBERG","Food, Nonmetallic Mineral Product",3
48439113408,"NORTH AMERICAN GALVANIZING CO HURST, MODERN FORGE TEXAS LLC, KELLY-MOORE PAINT CO INC","Fabricated Metals, Chemicals",3
48397040302,"CHRYSO INC, REDI-MIX - ROCKWALL, CHANNELL ROCKWALL TEXAS","Chemicals, Plastics and Rubber, Nonmetallic Mineral Product",3
48309000700,WACO COMPOSITES,Plastics and Rubber,1
48329000200,INGRAM CONCRETE - MIDLAND,Nonmetallic Mineral Product,1
48315950400,NORBORD TEXAS (JEFFERSON) INC,Wood Products,1
48113013711,PPG ARCHITECTURAL COATINGS,Chemicals,1
48005000500,SHIELDCOAT TECHNOLOGIES INC (DBA CYBERSHIELD OF TEXAS),Fabricated Metals,1
48465950800,COMSTOCK BORDER PATROL STATION TX11492,Other,1
48289950300,CHAMPIONX-CENTERVILLE,Chemical Wholesalers,1
48439111309,AMERICHEM INC MTX,Chemicals,1
48061013401,NATIONAL ELECTRIC COIL CO LP,Electrical Equipment,1
48099010501,FORT HOOD READY MIX,Nonmetallic Mineral Product,1
48491020202,SEWARD PLANT,Petroleum,1
48413950300,G&G FIBERGLASS,Plastics and Rubber,1
48201231200,OFFSHORE OPERATIONS HOUSTON,Fabricated Metals,1
48201532501,NOV MONOFLO BREEN & BREEN ISE,Machinery,1
48029980001,US DOD USAF CAMP BULLIS RANGES,Other,1
48133950200,EBAA IRON INC EASTLAND PLANT,Primary Metals,1
48113020400,TXI-CORINTH STREET READY MIX,Nonmetallic Mineral Product,1
48201555100,"LATTIMORE MATERIALS CORP - SPRING RM, SES FOAM LLC","Chemicals, Nonmetallic Mineral Product",2
48369950300,CARGILL SWEET BRAN FEED MANUFACTURING FACILITY - BOVINA,Food,1
48439110204,"MICA STEELWORKS-HALTOM CITY, HILLSHIRE BRANDS CO","Food, Fabricated Metals",2
48141004312,WEST DIRECT OIL #65 ELP,Petroleum Bulk Terminals,1
48037010400,THE STERNO GROUP LLC,Chemicals,1
48293970600,GROESBECK READY MIX,Nonmetallic Mineral Product,1
48439111005,CHARLEYS CONCRETE,Nonmetallic Mineral Product,1
48355000800,UNIVAR USA INC CORPUS CHRISTI,Chemical Wholesalers,1
48201543200,MITSUBISHI CATERPILLAR FORKLIFT AMERICA INC,Machinery,1
48021950300,TXI-BASTROP READY MIX,Nonmetallic Mineral Product,1
48121020306,"BEHR PROCESS CORP - ROANOKE, TXI-ROANOKE READY MIX","Chemicals, Nonmetallic Mineral Product",2
48233950500,"JOHNSON TANK FARM, BRENNTAG SOUTHWEST INC BORGER","Chemical Wholesalers, Other",2
48139060703,ASH GROVE CEMENT CO,Nonmetallic Mineral Product,1
48201530400,BONNEY FORGE (DBA WFI INTERNATIONAL),Fabricated Metals,1
48201220500,SCHUFF STEEL GULF COAST (AIRLINE),Fabricated Metals,1
48183010600,CLEVELAND STEEL CONTAINER - KILGORE,Fabricated Metals,1
48113016605,"ZEP INC, REDI-MIX - DESOTO","Chemicals, Nonmetallic Mineral Product",2
48029161902,MONTGOMERY ROAD READYMIX,Nonmetallic Mineral Product,1
48201454400,SNYDER INDUSTRIES LLC,Fabricated Metals,1
48139060209,REDI-MIX - WAXAHACHIE,Nonmetallic Mineral Product,1
48221160206,INGRAM CONCRETE - GRANBURY 1,Nonmetallic Mineral Product,1
48201220300,FULTON PLANT,Nonmetallic Mineral Product,1
48039662400,3M ANGLETON,Chemicals,1
48209010500,CMC STEEL FABRICATORS INC,Fabricated Metals,1
48055960700,ELGI RUBBER COMPANY LLC,Plastics and Rubber,1
48227950600,R2R & D LLC DBA SUPEROD,Machinery,1
48309001900,WACO HOT MIX PLANT,Petroleum,1
48201343301,"SULZER TURBO SERVICES HOUSTON (INC), JV INDUSTRIAL LA PORTE","Fabricated Metals, Machinery",2
48257051100,MICA STEELWORKS-KAUFMAN,Fabricated Metals,1
48325000800,WILBUR-ELLIS CO DEVINE,Chemicals,1
48367140501,READY SEAL INC,Wood Products,1
48453001846,AUSTIN MANUFACTURING SERVICES,Computers and Electronic Products,1
48069950200,DIMMITT SULFUR PRODUCTS LTD,Chemicals,1
48217961100,"HILLSBORO READY MIX, HUNTING TITAN-MILFORD","Chemicals, Nonmetallic Mineral Product",2
48303000302,PRO PETROLEUM LLC,Petroleum Bulk Terminals,1
48451000700,ETHICON INC,Miscellaneous Manufacturing,1
48113014121,LATTIMORE MATERIALS CORP-COPPELL RM,Nonmetallic Mineral Product,1
48277000101,US ARMY NATIONAL GUARD CAMP MAXEY RANGES,Other,1
48141004002,CHAMPLAIN CABLE TEXAS CORP,Electrical Equipment,1
48339694201,CEMEX CONSTRUCTION MATERIALS HOUSTON LLC - WILLIS,Nonmetallic Mineral Product,1
48309003801,BC MATERIALS LORENA FACILITY,Nonmetallic Mineral Product,1
48201511001,GOODMAN MANUFACTURING CO-COOLING,Machinery,1
48439113926,"HASLET PLANT, BRANDFX LLC, SE TX","Transportation Equipment, Wood Products, Nonmetallic Mineral Product",3
48423000300,VESUVIUS USA -TYLER PLANT,Nonmetallic Mineral Product,1
48201542800,OPTIMIZED PROCESS DESIGNS LLC,Fabricated Metals,1
48139060701,REDI-MIX - MIDLOTHIAN,Nonmetallic Mineral Product,1
48121020401,DENTON PLANT,Nonmetallic Mineral Product,1
48453001864,"AUSTIN WHITE LIME CO, ICU MEDICAL INC","Chemicals, Nonmetallic Mineral Product",2
48135000100,"NOV OREGON STREET, PERMIAN TANK & MANUFACTURING INC FIBERGLASS FACILITY","Plastics and Rubber, Machinery",2
48201555401,CEMEX CONSTRUCTION MATERIALS HOUSTON LLC - TOMBALL,Nonmetallic Mineral Product,1
48121021624,NARCO,Chemicals,1
48439114102,FORUM ENERGY TECHNOLOGIES FORT WORTH,Machinery,1
48441011900,CARGILL FEED & NUTRITION ABILENE,Food,1
48439111405,"MARTIN ENTERPRISES, REDI-MIX - HALTOM CITY, AZZ GALVANIZING - KENNEDALE","Transportation Equipment, Fabricated Metals, Nonmetallic Mineral Product",3
48245011800,LINDE  PORT ARTHUR 2,Chemicals,1
48233950800,SOLVAY SPECIALTY POLYMERS USA,Chemicals,1
48309004300,OWENS-BROCKWAY GLASS CONTAINER INC PLANT 15,Nonmetallic Mineral Product,1
48063950200,PILGRIM&apos;S PRIDE CORP PITTSBURG FEED MILL,Food,1
48203020302,PERGAN MARSHALL LLC,Chemicals,1
48353950500,LONE STAR INDUSTRIES DBA BUZZI UNICEM USA,Nonmetallic Mineral Product,1
48113008603,TAMKO BUILDING PRODUCTS INC,Petroleum,1
48061012101,CEMEX CONSTRUCTION MATERIALS SOUTH LLC - HARLINGEN,Nonmetallic Mineral Product,1
48029120501,RELADYNE - REDIFUEL,Petroleum Bulk Terminals,1
48303000100,BECK STEEL,Fabricated Metals,1
48037010800,RED RIVER READY MIX LLC,Nonmetallic Mineral Product,1
48085031900,"LATTIMORE MATERIALS CORP - PLANO RM, CREATION TECHNOLOGIES LP BURNABY BC V5J 5J2 CANADA","Computers and Electronic Products, Nonmetallic Mineral Product",2
48085031802,QORVO TEXAS LLC,Computers and Electronic Products,1
48365950400,TYSON POULTRY INC - CARTHAGE TX PROCESSING PLANT,Food,1
48355005417,"CMC STEEL FABRICATORS INC DBA CMC REBAR CORPUS CHRISTI, MAJEK BOAT WORKS","Fabricated Metals, Transportation Equipment",2
48181000501,SNH DENISON,Fabricated Metals,1
48245002600,TXI OPERATIONS LP-SOUTH READY MIX PLANT,Nonmetallic Mineral Product,1
48061014500,MUELLER CO - GAS PRODUCTS DIV,Fabricated Metals,1
48339694102,INKJET INC,Chemicals,1
48067950400,NEWARK PAPERBOARD PRODUCTS ATLANTA DBA GREIF,Paper,1
48237950500,AERO-MARINE ENGINEERING INC,Fabricated Metals,1
48127950200,US CUSTOMS SERVICE FIRING RANGE #TX0156,Other,1
48291700200,CAMPBELL RMC CLEVELAND,Nonmetallic Mineral Product,1
48201210400,"SOUTHWESTERN PLATING CO INC, DEE FOUNDRIES INC, BODYCOTE THERMAL PROCESSING - HAYS","Fabricated Metals, Primary Metals",3
48201555402,DICAR INC,Plastics and Rubber,1
48143950400,SAINT-GOBAIN ABRASIVES,Nonmetallic Mineral Product,1
48201313800,AJ HURT JR INC DBA THE HURT CO,Petroleum Bulk Terminals,1
48113016610,TXI-WINTERGREEN READY MIX,Nonmetallic Mineral Product,1
48493000102,WATCO TANKS INC,Fabricated Metals,1
48121021202,REDI-MIX - DENTON,Nonmetallic Mineral Product,1
48439111547,"TXI-SOUTH ARLINGTON READY MIX, ARLINGTON NEW YORK PLANT",Nonmetallic Mineral Product,2
48303010200,TYCO FIRE PROTECTION PRODUCTS,Machinery,1
48029131700,US DOD USAF RANDOLPH AFB RANGE,Other,1
48499950200,DAIRY FARMERS OF AMERICA KELLERS CREAMERY DIV,Food,1
48201323900,SBM LIFE SCIENCE CORP,Chemicals,1
48439111306,"ROYAL ADHESIVES & SEALANTS LLC, TEXAS REFINERY CORP","Petroleum, Chemicals",2
48201310800,SCHUMACHER CO,Fabricated Metals,1
48151950400,GOLD BOND BUILDING PRODUCTS - ROTAN,Nonmetallic Mineral Product,1
48029161802,READY MIX #10,Nonmetallic Mineral Product,1
48201550500,FMC ENERGY SYSTEMS,Machinery,1
48039664300,AIR LIQUIDE FREEPORT HYCO PLANT,Chemicals,1
48423001601,"TYLER PIPE CO, TXI-TYLER NORTH READY MIX","Nonmetallic Mineral Product, Primary Metals",2
48085030305,CHEMTRADE SULFATE SOLUTIONS INC,Chemicals,1
48479001806,LAREDO BORDER PATROL SECTOR HQ TX11589,Other,1
48073950700,TXI - JACKSONVILLE READY MIX,Nonmetallic Mineral Product,1
48423001908,TXI-TYLER SOUTH READY MIX,Nonmetallic Mineral Product,1
48223950600,SAPUTO DAIRY FOODS USA LLC,Food,1
48201454501,CRAIG BAKER MARBLE CO INC,Nonmetallic Mineral Product,1
48439123600,VANDERVOORTS DAIRY FOODS CO,Food,1
48085031309,"REDI-MIX - WYLIE, SANDEN INTERNATIONAL USA WYLIE","Transportation Equipment, Nonmetallic Mineral Product",2
48113015500,AMERICAN STANDARD BRANDS,Plastics and Rubber,1
48053960800,ASPHALT INC SPICEWOOD,Petroleum,1
48409011100,CHEMTRADE SOLUTIONS LLC,Chemicals,1
48061013305,SAINT-GOBAIN ABRASIVES INC,Nonmetallic Mineral Product,1
48093950200,HILL COUNTRY FEEDMILL,Food,1
48039661501,HC MANVEL INC,Chemicals,1
48113017202,"REDI-MIX - MESQUITE, BALCH SPRINGS PLANT, TXI-LAKE JUNE ROAD READY MIX",Nonmetallic Mineral Product,3
48201320700,GIBSON PRODUCTS INC,Fabricated Metals,1
48439106001,"TXI-HEMPHILL READY MIX, SOUTHSIDE PLANT",Nonmetallic Mineral Product,2
48113010602,BEST BLOCK DALLAS CHALK HILL PLANT DALB1950,Nonmetallic Mineral Product,1
48147950600,CLAYTON BONHAM,Wood Products,1
48039660802,EPM - ISE MAGTECH,Computers and Electronic Products,1
48027020600,ER CARPENTER LP,Plastics and Rubber,1
48037011100,FEDERAL CORRECTIONAL INSTITUTION,Other,1
48185180200,"H C CHANDLER & SON INC, FORUM ENERGY TECHNOLOGIES PLANTERSVILLE","Plastics and Rubber, Machinery",2
48201421102,RENWICK PLANT,Nonmetallic Mineral Product,1
48029121205,CARBONFREE CHEMICALS SPE I HOLDINGS LLC,Chemicals,1
48349970100,CASITA ENTERPRISES INC,Transportation Equipment,1
48215024600,THE PICTSWEET CO - MONTE ALTO TX PLANT,Food,1
48491021602,CONTEMPORARY PRODUCTS OF TEXAS INC,Plastics and Rubber,1
48141010341,GCC SUN CITY MATERIALS LLC - SECTION 10,Nonmetallic Mineral Product,1
48439104702,PLANTS 1 & 2,Nonmetallic Mineral Product,1
48497150401,CRISP INDUSTRIES INC,Machinery,1
48213951200,TXI-ATHENS READY MIX,Nonmetallic Mineral Product,1
48143950201,"INGRAM CONCRETE - STEPHENVILLE 2, SCHREIBER FOODS INC","Food, Nonmetallic Mineral Product",2
48157674700,"443 - RICHMOND OILSEEDS, RICHMOND PLANT","Food, Nonmetallic Mineral Product",2
48211950300,MULTI-CHEM GROUP CANADIAN TX FACILITY,Chemical Wholesalers,1
48465950700,US CBP DEL RIO BORDER PATROL SECTOR TRAINING FACILITY TX1156,Other,1
48441013200,WESTERN MARKETING-TYE,Petroleum Bulk Terminals,1
48113020000,COPPELL PLANT,Nonmetallic Mineral Product,1
48277000600,SILGAN CONTAINERS MANUFACTURING CORP,Fabricated Metals,1
48439102000,GARDNER DENVER VALVE & SEAT,Machinery,1
48367140706,INGRAM CONCRETE - WILLOW PARK,Nonmetallic Mineral Product,1
48451000801,INGRAM CONCRETE - SAN ANGELO 2,Nonmetallic Mineral Product,1
48201432600,METAL COATINGS CORP,Fabricated Metals,1
48029131615,FLEXCON INDUSTRIAL LLC (DBA ALAMOTAPE),Paper,1
48201451602,ADDICKS PLANT,Nonmetallic Mineral Product,1
48303000900,PURINA ANIMAL NUTRITION LLC - LUBBOCK,Food,1
48201543100,"HOCKLEY PLANT, CAMPBELL RMC HOCKLEY",Nonmetallic Mineral Product,2
48223950300,CLAYTON SULPHUR SPRINGS,Wood Products,1
48113017303,MESQUITE PLANT,Nonmetallic Mineral Product,1
48485013600,CRYOVAC INC IOWA PARK,Plastics and Rubber,1
48201221400,COASTAL FOUNDRY CO,Primary Metals,1
48449950500,"TXI-MT PLEASANT READY MIX, DEKORON WIRE & CABLE LLC","Electrical Equipment, Nonmetallic Mineral Product",2
48141010338,MSD LLC,Transportation Equipment,1
48231961200,TXI-GREENVILLE READY MIX,Nonmetallic Mineral Product,1
48113016616,FORTERRA PIPE & PRECAST - CEDAR HILL,Nonmetallic Mineral Product,1
48415950600,MUSKET COLORADO CITY CRUDE INJECTION STATION,Petroleum Bulk Terminals,1
48065950200,US DOE PANTEX PLANT,Chemicals,1
48029181704,SEASON GROUP USA LLC,Computers and Electronic Products,1
48027021700,"TRU BELTON I/TRU BELTON II, TEMPLE READY MIX","Wood Products, Nonmetallic Mineral Product",2
48201310100,DIXIE ELECTRO PLATING CO,Fabricated Metals,1
48439110301,ASSOCIATED FIBERGLASS ENTERPRISES,Plastics and Rubber,1
48201253200,CAMPBELL RMC BAYTOWN,Nonmetallic Mineral Product,1
48201432901,CAMPBELL RMC HARWIN,Nonmetallic Mineral Product,1
48029181724,CMC STEEL FABRICATORS INC DBA CMC REBAR SAN ANTONIO,Fabricated Metals,1
48027020100,LIDE INDUSTRIES-TROY FIBERGLASS,Plastics and Rubber,1
48339692300,CAMPBELL RMC PORTER,Nonmetallic Mineral Product,1
48329010109,INDEPENDENCE OILFIELD CHEMICALS MIDLAND TX,Chemicals,1
48491021000,"DURCON INC, GEMINI - TAYLOR","Furniture, Miscellaneous Manufacturing",2
48113017805,"DORMAKABA USA INC MESQUITE, FRITZTILE A DIV OF STONCOR GROUP INC","Fabricated Metals, Plastics and Rubber",2
48379950100,TXI EMORY READY MIX,Nonmetallic Mineral Product,1
48005000200,QG PRINTING II LLC,Printing,1
48203020102,AZZ GALVANIZING SERVICES-WASKOM,Fabricated Metals,1
48373210204,CAMPBELL RMC LIVINGSTON,Nonmetallic Mineral Product,1
48227950802,ENDURANCE LIFT SOLUTIONS LLC,Machinery,1
48453001857,TXI-ROUND ROCK READY MIX,Nonmetallic Mineral Product,1
48215023801,CEMEX CONSTRUCTION MATERIALS SOUTH LLC - EDINBURG,Nonmetallic Mineral Product,1
48029131504,READY MIX #8,Nonmetallic Mineral Product,1
48121021517,TXI-LEWISVILLE READY MIX,Nonmetallic Mineral Product,1
48085031202,LATTIMORE MATERIALS CORP - WYLIE RM,Nonmetallic Mineral Product,1
48089750100,BEST BLOCK ALLEYTON PLANT,Nonmetallic Mineral Product,1
48423002003,TXI-TYLER READY MIX,Nonmetallic Mineral Product,1
48439104502,ARROW PLATING CO INC,Fabricated Metals,1
48439106004,MIDLAND MANUFACTURING CO,Primary Metals,1
48485011500,P&WC COMPONENT REPAIRS (WICHITA FALLS),Transportation Equipment,1
48113015202,NETVIA GROUP LLC,Computers and Electronic Products,1
48029191503,ALAMO MARBLE LTD,Chemicals,1
48049951300,US ARMY NATIONAL GUARD CAMP BOWIE RANGES,Other,1
48303010408,SCOTT MANUFACTURING INC,Fabricated Metals,1
48121021618,"POWDER METALLURGY CO,INC",Fabricated Metals,1
48139060500,"CMC STEEL FABRICATORS INC (DBA CMC COATINGS), UNIVAR SOLUTUIONS POWDER PLANT","Fabricated Metals, Chemicals",2
48451001400,INGRAM CONCRETE - SAN ANGELO 1,Nonmetallic Mineral Product,1
48029181815,GENISYS CONTROLS LLC,Computers and Electronic Products,1
48113004100,WESTROCK CONVERTING CO (DALLAS MILL),Paper,1
48201233500,ARDAGH GLASS PACKAGING INC,Nonmetallic Mineral Product,1
48209010908,CMC STEEL FABRICATORS INC (DBA CMC CAPITOL CITY STEEL),Fabricated Metals,1
48091310902,THE COLEMAN CO INC,Plastics and Rubber,1
48121020309,REDI-MIX - ALLIANCE,Nonmetallic Mineral Product,1
48285000400,SPOETZL BREWERY INC,Beverages,1
48373210400,GEORGIA-PACIFIC CORRIGAN PLYWOOD,Wood Products,1
48135000800,ODESSA BABBITT BEARING CO,Machinery,1
48141980000,STEWART EFI FINISHING LLC,Fabricated Metals,1
48157672701,CAMPBELL RMC GAINES ROAD,Nonmetallic Mineral Product,1
48039662200,BENCHMARK ELECTRONICS INC,Computers and Electronic Products,1
48201540200,CMC STEEL FABRICATORS INC DBA CMC REBAR HOUSTON WEST,Fabricated Metals,1
48475950100,CHAMPIONX-MONAHANS 0438,Chemical Wholesalers,1
48085031621,PLANO PLANT,Nonmetallic Mineral Product,1
48257050600,TXI-TERRELL READY MIX,Nonmetallic Mineral Product,1
48061012607,CHEM PRUF DOOR,Miscellaneous Manufacturing,1
48339690402,COOLGAS INC DBA A-GAS,Chemicals,1
48061014200,ALLIED MINERAL PRODUCTS INC,Nonmetallic Mineral Product,1
48149970600,DAIRY FARMERS OF AMERICA INC SCHULENBURG,Food,1
48453002111,FORTERRA PIPE & PRECAST - AUSTIN,Nonmetallic Mineral Product,1
48201555502,TOMBALL PLANT,Nonmetallic Mineral Product,1
48303000301,DFA DAIRY BRANDS FLUID LLC DBA GANDY&apos;S,Food,1
48453001768,CENTEX MATERIALS - OAKHILL RMX,Nonmetallic Mineral Product,1
48113009610,ARROW MAGNOLIA INTERNATIONAL,Chemicals,1
48201222401,PRAXAIR DISTRIBUTION INC (FORMERLY TEXAS WELDERS SUPPLY),Chemical Wholesalers,1
48491021402,TXI-GEORGETOWN READY MIX,Nonmetallic Mineral Product,1
48029192000,DPT LABORATORIES LTD,Chemicals,1
48121021800,TXI-CAMEY READY MIX,Nonmetallic Mineral Product,1
48439114008,EFW INC,Computers and Electronic Products,1
48085032011,ROCKWELL COLLINS INC,Computers and Electronic Products,1
48201531900,NATIONAL FLANGE & FITTING CO,Fabricated Metals,1
48245000500,TXI OPERATIONS LP-DOLLINGER READY MIX PLANT,Nonmetallic Mineral Product,1
48201321100,CAMPBELL RMC GENOA,Nonmetallic Mineral Product,1
48121020307,LATTIMORE MATERIALS CORP - ROANOKE RM,Nonmetallic Mineral Product,1
48217960500,WHITNEY READY MIX,Nonmetallic Mineral Product,1
48481740700,BLUE CREEK FOUNDRY,Primary Metals,1
48265960100,JAMES AVERY CRAFTSMAN CENTER,Miscellaneous Manufacturing,1
48265960302,DIETZEL AEROSPACE,Plastics and Rubber,1
48477170200,FXI INC - BRENHAM,Plastics and Rubber,1
